Code Résidence ACM;Code prestation;Libellé prestation;Complementaire
A052;XMEX02;Menuiserie Ext (Rénov.);Rpt persiennes pour 1 logement
Z010;XBET01;Maîtrise d'oeuvre INVEST;Accessibilité ERPs - Tr 3&4
Z010;XABR01;Abri container;Containers hors sol sur 3 résidences ?
Z010;XASC02;Ascenseur (Rénovation);Amélioration Ascenseur
Z010;XCCA01;Contrôle Accés (Install);Vigik sur locaux contaners
Z010;XGOE01;Maçonnerie;Réserve DGLP
Z010;XGOE01;Maçonnerie;Réserve POMPIGNANE en attente réhab
Z172;XBET01;Maîtrise d'oeuvre INVEST;Accessibilité ERPs - 2019 - Tr 4
Z172;XBET01;Maîtrise d'oeuvre INVEST;Accessibilité ERPs 2018 - Tr 3
Z172;XMEX02;Menuiserie Ext (Rénov.);Rideaux/Grilles/Locaux commerciaux diffus
1;XTUI02;Toiture Tuile (Rénov.);Remise en état toiture tuiles
1;XBET01;Maîtrise d'oeuvre INVEST;Accessibilité ERPs - Tr 3&4
1;XMEX02;Menuiserie Ext (Rénov.);rideau métallique conseil citoyen
2;XFAC01;Façade (Ravalement);Nettoyage des façades
2;XBET01;Maîtrise d'oeuvre INVEST;Accessibilité ERPs - Tr 3&4
2;XDEB01;Réseau EU/EP (Rempl.);diagnostic + plan recollement avant travaux EU/EP
6;XBET01;Maîtrise d'oeuvre INVEST;Accessibilité ERPs - Tr 3&4
7;XBET01;Maîtrise d'oeuvre INVEST;Accessibilité ERPs - Tr 3&4
7;XCHD01;Chaudière (Remplacement);Remplacement chaudières
7;XELE02;Electricité (Rénov. PC);Réfection tableaux PC 1/2 + ampli TV
7;XTCE02;Réfection totale PC;Pose de carrelage dans les cages d'escalier
7;XTCE03;Réfection partielle PC;Peinture soubassements+leds+peinture halls
7;XFAC03;Façade (Entretien);Peinture façade
7;XTCE03;Réfection partielle PC;Totem Signalétique Commerces
8;XBET01;Maîtrise d'oeuvre INVEST;Accessibilité ERPs - Tr 3&4
8;XCCA01;Contrôle Accés (Install);Remplacement platine interphone tr1
8;XCCA01;Contrôle Accés (Install);Remplacement platine interphone tr2
8;XCCA01;Contrôle Accés (Install);Adaption PIM + INTER rés LEMASSON
8;XPIM01;Porte Immeuble (Rempl.);Remplacement porte tr1
8;XPIM01;Porte Immeuble (Rempl.);Remplacement porte tr2 ( 13 portes)
8;XPIM01;Porte Immeuble (Rempl.);21 PIM + INTERPHONIE + BAL (2 tranches)
8;XSER01;Garde Corps (Rempl.);M en P profil caoutchouc 20 rampes- 1000 ML
8;XTCE03;Réfection partielle PC;Peinture Cage
8;XTCE03;Réfection partielle PC;Aménagement local jardin partagé-GOE ELE SER
8;XTCE03;Réfection partielle PC;Remise en PEI façade ESC 22
8;XTCE03;Réfection partielle PC;Mise en place de 40 tableaux d'affichage
9;XBET01;Maîtrise d'oeuvre INVEST;Accessibilité ERPs - Tr 3&4
11;XTCE03;Réfection partielle PC;Réfection PC
12;XBET01;Maîtrise d'oeuvre INVEST;Accessibilité ERPs - Tr 3&4
12;XTCE03;Réfection partielle PC;Eclairage ext./Elagages arbres-fait hors plan
14;XBET01;Maîtrise d'oeuvre INVEST;Accessibilité ERPs - Tr 3&4
14;XCCA01;Contrôle Accés (Install);2 panneaux vitrés fixes + 7 vigik
14;XDEB01;Réseau EU/EP (Rempl.);Rpt colonnes fonte 1/4 (16 col- bât 1,3,5,6)
14;XEQS01;Sécurité incendie;21 Portes métalliques coupe-feu
14;XPLO01;Sanitaire (Remplacement);Rpt 30 baignoires - report 2020
14;XPLO02;Réseau AEP/ECS (Rempl.);Individualisation comptage eau et colonnes
15;XETA02;Etanch Terrasse (Rénov.);reprise partielle d'étanchéité 4*3.6k€
15;XFAC03;Façade (Entretien);Nettoyage façade
15;XBET01;Maîtrise d'oeuvre INVEST;Accessibilité ERPs - Tr 3&4
15;XMEX02;Menuiserie Ext (Rénov.);Rideaux/grilles
15;XPIM01;Porte Immeuble (Rempl.);2 portes arrières + ctrle accès
15;XTCE02;Réfection totale PC;Fissures UPPSALA micropieux 1/3
15;XFAC03;Façade (Entretien);Peinture façade
15;XMEX02;Menuiserie Ext (Rénov.);Remplacment vitrine Local commercial
15;XTCE03;Réfection partielle PC;Totem Signalétique commerce
16;XFAC03;Façade (Entretien);Nettoyage façade
16;XFAC03;Façade (Entretien);Peinture façade
16;XTCE03;Réfection partielle PC;Totem Signalétique commerce
18;XPIM01;Porte Immeuble (Rempl.);5 portes arrières
19;XMEX02;Menuiserie Ext (Rénov.);Rempl plaques en polycarbonate type Makrolon
19;XFAC03;Façade (Entretien);Peinture façade
19;XMEX02;Menuiserie Ext (Rénov.);Rideaux/Grilles
19;XTCE03;Réfection partielle PC;Totem Signalétique commerce
20;XFAC03;Façade (Entretien);Nettoyage façade
20;XMEX02;Menuiserie Ext (Rénov.);porte secondaire 178 rue upsala
23;XBET01;Maîtrise d'oeuvre INVEST;Accessibilité ERPs - Tr 3&4
23;XCVM01;Ventilation (Rempl.);Abs.ventilation dans 10 logements RdC
23;XCVM02;Ventilation (Rénov.);Remplacement VTI
23;XDEB01;Réseau EU/EP (Rempl.);Remplacement colonnes + PEI
23;XELE02;Electricité (Rénov. PC);Eclairage PC cour intérieure
23;XELE02;Electricité (Rénov. PC);Projecteurs en toiture
23;XESV01;Espaces Verts;Espaces verts devant le secteur et l'école
23;XMEX01;Menuiserie Ext (Rempl.);Persiennes alu RdC/PVC étages Tr 2 2018
23;XSOL01;Sols PP (Remplacement);Sol et plinthes PP
23;XTCE03;Réfection partielle PC;Réfection cage escalier
23;XVOI01;Voirie (Réfection);Rampe handicapées
25;XBET01;Maîtrise d'oeuvre INVEST;Accessibilité ERPs - Tr 3&4
25;XFAC03;Façade (Entretien);Peinture façade
25;XMEX02;Menuiserie Ext (Rénov.);Rideaux/Grilles
26;XFAC03;Façade (Entretien);Renfort piliers + reprise partielle façade
26;XBET01;Maîtrise d'oeuvre INVEST;Accessibilité ERPs - Tr 3&4
26;XPGA01;Porte Garage Ind (Rempl);Remplacement portails garages
26;XTCE03;Réfection partielle PC;Peinture cage escalier + carrelage hall
28;XBET01;Maîtrise d'oeuvre INVEST;Accessibilité ERPs - Tr 3&4
28;XCHD01;Chaudière (Remplacement);Remplacement partiel chaudières
28;XFAC03;Façade (Entretien);Peinture façade
28;XMEX02;Menuiserie Ext (Rénov.);Rpt grilles défense de 9 locaux+peint façade
28;XPLO02;Réseau AEP/ECS (Rempl.);Individ. AEP CC Salaison report 2020
28;XTCE03;Réfection partielle PC;Totem Signaletique Commerces
30;XETA01;Etanch Terrasse (Rempl.);BÄTIMENT 22
30;XBET01;Maîtrise d'oeuvre INVEST;Accessibilité ERPs - Tr 3&4
30;XASC02;Ascenseur (Rénovation);portes 9 12 15+poulies partout
30;XDEB01;Réseau EU/EP (Rempl.);Rpt colonne EU bât 9
30;XELE02;Electricité (Rénov. PC);Remplacement hublots LED
30;XGOE01;Maçonnerie;Etudes structures dalles parkings
30;XTCE03;Réfection partielle PC;Trappes locaux techniques+ tab. affichage double
35;XELE01;Electricité (Rénov. PP);ref desserte interieure elect des logts tr 2/2
35;XELE02;Electricité (Rénov. PC);Mise en sécurité tableaux EL PC (12 cages)
36;XBET01;Maîtrise d'oeuvre INVEST;Accessibilité ERPs - Tr 3&4
36;XEQS01;Sécurité incendie;1 porte métallique coupe-feu
37;XBET01;Maîtrise d'oeuvre INVEST;Accessibilité ERPs - Tr 3&4
37;XMEX02;Menuiserie Ext (Rénov.);Rpt 6 menuiseries bois
39;XASC02;Ascenseur (Rénovation);armoire + varaition fréquence
39;XELE02;Electricité (Rénov. PC);colonne 3 tranche conditionelle - imputé sur 2018
40;XCUM01;Cumulus (Remplacement);Remplacement Cumulus + refection evac + GS spécifi
40;XTCE03;Réfection partielle PC;Mise en place de 5 tableaux d'affichage
41;XCVM01;Ventilation (Rempl.);Remplacement 10 caissons VMC Gaz (sauf Bât A)
41;XVRD01;Résidentialisation;Rpt 3 portails, 2 portillons et 2 platines
42;XVOI01;Voirie (Réfection);Création d'un caniveau EP sur 20 ML
44;XBET01;Maîtrise d'oeuvre INVEST;Accessibilité ERPs - Tr 3&4
47;XTCE03;Réfection partielle PC;7 entrées (faiences, carrelage, éclair, peint)
50;XASC02;Ascenseur (Rénovation);Armoire+variat fréq.+divers
52;XMEX02;Menuiserie Ext (Rénov.);Rpt persiennes pour 7 logements
52;XTCE03;Réfection partielle PC;Enduits/Esp.vert/Stationnemt-fait hors plan
53;XTCE03;Réfection partielle PC;Mise en place de tableaux d'affichage
55;XBET01;Maîtrise d'oeuvre INVEST;Accessibilité ERPs - Tr 3&4
55;XMEX01;Menuiserie Ext (Rempl.);Remplacement portes logements
75;XCHD01;Chaudière (Remplacement);Remplacement chaudières 1/1
75;XMEX01;Menuiserie Ext (Rempl.);Remplacement portes logements
75;XPGA01;Porte Garage Ind (Rempl);Portes garage
86;XETA01;Etanch Terrasse (Rempl.);Réfection étanchéité 1/1
86;XBET01;Maîtrise d'oeuvre INVEST;Accessibilité ERPs - Tr 3&4
86;XCCA01;Contrôle Accés (Install);Récepteur portail - annulé
86;XTCE01;Rénovation Complète Lgt;Aménagement de la Résidence
92;XTUI01;Toiture Tuile (Rempl.);Remplacement toiture+ gouttière alu
97;XBET01;Maîtrise d'oeuvre INVEST;Accessibilité ERPs - Tr 3&4
97;XASC02;Ascenseur (Rénovation);Groupes de traction
117;XBET01;Maîtrise d'oeuvre INVEST;Accessibilité ERPs - Tr 3&4
117;XETA03;Isolation Combles/Dalle;Refection Isolation combles
117;XTCE02;Réfection totale PC;Reprise peinture escaliers exterieurs
123;XBET01;Maîtrise d'oeuvre INVEST;Accessibilité ERPs - Tr 3&4
123;XASC02;Ascenseur (Rénovation);Groupe de traction
123;XTCE03;Réfection partielle PC;Cage escalier + Hall d'entrée
124;XBET01;Maîtrise d'oeuvre INVEST;Accessibilité ERPs - Tr 3&4
124;XASC02;Ascenseur (Rénovation);4 groupes de traction+2 portes cabine
124;XMEX01;Menuiserie Ext (Rempl.);Refection 4 verrières et menuiserie cage esc
133;XETA03;Isolation Combles/Dalle;Refection Isolation combles
133;XTCE02;Réfection totale PC;Mise en peinture escaliers exterieurs
134;XETA03;Isolation Combles/Dalle;Refection Isolation combles
134;XTCE02;Réfection totale PC;Mise en peinture excalier exterieurs
135;XBET01;Maîtrise d'oeuvre INVEST;Accessibilité ERPs - Tr 3&4
135;XCUM01;Cumulus (Remplacement);Remplact CUM 1/2 (25 U)
135;XELE02;Electricité (Rénov. PC);Tableaux parties communes +éclairage garage
135;XETA03;Isolation Combles/Dalle;isolation soufflée combles 1/2+2/2
135;XPAG01;Portail-Barrière (Rempl);PAG  1, 2, 7 et 8  Poésie, 125,126 esplanad Musiqu
135;XPIM01;Porte Immeuble (Rempl.);PIM y/c 6coulissantes+Contrôle Accès 2/3
135;XTAE01;Electricité (Tableau);Remplacement Tableaux Electriques Logements
135;XTCE03;Réfection partielle PC;Peinture garde-corps
140;XCHD01;Chaudière (Remplacement);Remplacement chaudières 1/1
144;XPLO02;Réseau AEP/ECS (Rempl.);Rpl compteur (56 lgts+4VO) imposs.cause config
150;XBET01;Maîtrise d'oeuvre INVEST;Accessibilité ERPs - Tr 3&4
162;XETA03;Isolation Combles/Dalle;Isolation combles
163;XELE02;Electricité (Rénov. PC);Remplacement tableaux parties communes
163;XTCE03;Réfection partielle PC;Remplacement gaines techniques
168;XASC02;Ascenseur (Rénovation);3 x (armoire+groupe+fréquence+porte cabine)
173;XTCE03;Réfection partielle PC;Mise en place de 5 tableaux d'affichage
176;XEQS01;Sécurité incendie;Création accès toiture + sécurisation
181;XETA03;Isolation Combles/Dalle;Isolation soufflée combles
182;XFAC01;Façade (Ravalement);Ravalement de façade 1/1
182;XETA03;Isolation Combles/Dalle;Isolation soufflée combles
182;XETA04;Cheneaux (Remplacement);Pose de cheneaux
182;XPIM01;Porte Immeuble (Rempl.);Portes Immeuble + Contrôle Accès 1/1
183;XETA03;Isolation Combles/Dalle;Isolation soufflée combles
188;XETA01;Etanch Terrasse (Rempl.);remplacement étanchéité sur TT partielle
188;XGOE01;Maçonnerie;Renforcement fondations Villa 28 - ANNULE
188;XTCE03;Réfection partielle PC;Réfection murets de clôture(GO, peinture,etc)
188;XVOI01;Voirie (Réfection);Voirie + éclairage
189;XBET01;Maîtrise d'oeuvre INVEST;Accessibilité ERPs - Tr 3&4
189;XEQS01;Sécurité incendie;1 porte métallique coupe-feu
189;XMEX02;Menuiserie Ext (Rénov.);Rideaux/Grilles/Locaux commerciaux diffus
190;XTCE01;Rénovation Complète Lgt;Réfection villa 22
191;XMEI01;Menuiserie Int PP(Rempl);TR2 - Remplacement escaliers villas
194;XETA03;Isolation Combles/Dalle;Refection Isolation combles
203;XBET01;Maîtrise d'oeuvre INVEST;Accessibilité ERPs - Tr 3&4
203;XCCA01;Contrôle Accés (Install);Platine intratone
217;XTCE03;Réfection partielle PC;Mise en place de tableaux d'affichage
218;XBET01;Maîtrise d'oeuvre INVEST;Accessibilité ERPs - Tr 3&4
227;XBET01;Maîtrise d'oeuvre INVEST;Accessibilité ERPs - Tr 3&4
229;XRAD01;Electricité (Radiateur);Remplacement convecteur
229;XTAE01;Electricité (Tableau);Remplacement tableaux
229;XTCE03;Réfection partielle PC;Mise en place de tableaux d'affichage
231;XTAE01;Electricité (Tableau);Remplacement tableaux
231;XTCE03;Réfection partielle PC;Mise en place de 10 tableaux d'affichage
270;XEQS01;Sécurité incendie;1 porte métallique coupe-feu
276;XFAC03;Façade (Entretien);RAVALEMENT
281;XMEX01;Menuiserie Ext (Rempl.);Remplacement bois par PVC + VR 1/2
301;XBET01;Maîtrise d'oeuvre INVEST;Accessibilité ERPs - Tr 3&4
301;XCCA01;Contrôle Accés (Install);Interphone
301;XDEB01;Réseau EU/EP (Rempl.);Réfection réseau EU 10et44 place BENE
301;XPLO02;Réseau AEP/ECS (Rempl.);Réseaux AEP + indiv compteurs T 1/1
301;XTCE03;Réfection partielle PC;Réfection PC
302;XTCE03;Réfection partielle PC;Réfection PC
327;XBET01;Maîtrise d'oeuvre INVEST;Accessibilité ERPs - Tr 3&4
329;XPAG01;Portail-Barrière (Rempl);mise en place barriere pour parking sur garage
329;XPLO02;Réseau AEP/ECS (Rempl.);Rpl compteur (62 lgts+3VO) imposs cause config
336;XTUI01;Toiture Tuile (Rempl.);Désamiantage + Rempl Toiture + isolant
359;XBET01;Maîtrise d'oeuvre INVEST;Accessibilité ERPs - Tr 3&4
359;XESV01;Espaces Verts;Aménagement paysager cour intérieure
360;XETA03;Isolation Combles/Dalle;Isolation soufflée 100 m2
369;XTCE03;Réfection partielle PC;Mise en place de 5 tableaux d'affichage
370;XBET01;Maîtrise d'oeuvre INVEST;Accessibilité ERPs - Tr 3&4
370;XPAG01;Portail-Barrière (Rempl);Rplt borne par barrière levante
370;XTCE03;Réfection partielle PC;Réfection carrelage + Peinture
370;XCLO01;Clôture (Remplacement);Cloture mitoyenne vers barrière levante
381;XASC02;Ascenseur (Rénovation);Remplacement 3 opérateurs de porte
383;XASC02;Ascenseur (Rénovation);Armoire+fréquence+groupe+habill+porte+limiteur
383;XTCE02;Réfection totale PC;3 PIM avec ctrle acc. + 3 cages suite rempl PIM
388;XETA03;Isolation Combles/Dalle;Isolation soufflée combles
388;XPIM01;Porte Immeuble (Rempl.);Portes Immeuble + Contrôle Accès 1/1
396;XOCC01;Occultation (Rempl.);Persiennes du rez-de-chaussée
396;XPAG01;Portail-Barrière (Rempl);Rplt borne par barrière
400;XBET01;Maîtrise d'oeuvre INVEST;Accessibilité ERPs - Tr 3&4
400;XMEX02;Menuiserie Ext (Rénov.);Remplacement vitrine
406;XTCE03;Réfection partielle PC;PIM
408;XETA03;Isolation Combles/Dalle;Isolation combles
408;XPIM01;Porte Immeuble (Rempl.);Portes+Contrôle Accès+BAL 1/1
408;XTCE03;Réfection partielle PC;Remplacement Boîtes aux lettres
414;XBET01;Maîtrise d'oeuvre INVEST;Accessibilité ERPs - Tr 3&4
414;XETA03;Isolation Combles/Dalle;Isolation combles
414;XPIM01;Porte Immeuble (Rempl.);Remplacement porte immeuble + controle d'accès
415;XETA03;Isolation Combles/Dalle;Isolation combles
415;XPIM01;Porte Immeuble (Rempl.);Portes Immeuble + Contrôle Accès 1/1
415;XTCE03;Réfection partielle PC;Remplacement Boîtes aux lettres
416;XETA03;Isolation Combles/Dalle;Isolation combles
416;XPIM01;Porte Immeuble (Rempl.);Portes+Contrôle Accès+BAL 1/1
416;XTCE03;Réfection partielle PC;Remplacement Boîtes aux lettres
417;XETA03;Isolation Combles/Dalle;Isolation combles
417;XPIM01;Porte Immeuble (Rempl.);Portes+Contrôle Accès+BAL 1/1
417;XTCE03;Réfection partielle PC;Remplacement Boîtes aux lettres
421;XABR01;Abri container;Local container
421;XPIM01;Porte Immeuble (Rempl.);3 Portes Immeuble + Contrôle Accès 1/1
421;XTCE03;Réfection partielle PC;Reprise entrées + réfection partielle 1 entrée
422;XBET01;Maîtrise d'oeuvre INVEST;Accessibilité ERPs - Tr 3&4
432;XMEX02;Menuiserie Ext (Rénov.);Rpt volets bois par persiennes
434;XETA03;Isolation Combles/Dalle;Isolation combles
440;XVOI01;Voirie (Réfection);Création 35 parkings + 2 PMR
449;XTCE03;Réfection partielle PC;Mise en place de 2 tableaux d'affichage
456;XPAG01;Portail-Barrière (Rempl);Rplt borne par barrière levance
456;XPAG01;Portail-Barrière (Rempl);Rpt portail basculant
458;XFAC01;Façade (Ravalement);ravalement 24 maisons +peinture+globes
458;XTUI02;Toiture Tuile (Rénov.);Réfection partielle 5 toitures pans Nord
472;XETA01;Etanch Terrasse (Rempl.);Renovation toiture terrasse
472;XRAD01;Electricité (Radiateur);Remplacement convecteurs
472;XTCE03;Réfection partielle PC;Mise en place de tableaux d'affichage
489;XBET01;Maîtrise d'oeuvre INVEST;Accessibilité ERPs - Tr 3&4
495;XETA01;Etanch Terrasse (Rempl.);Reprise étancheité toitures terasses
495;XETA03;Isolation Combles/Dalle;Isolation combles (toiture hybride)
495;XRAD01;Electricité (Radiateur);Remplacement convecteurs
495;XTCE03;Réfection partielle PC;Mise en place de tableaux d'affichage
498;XETA01;Etanch Terrasse (Rempl.);Renovation toiture terrasse
498;XRAD01;Electricité (Radiateur);Remplacement convecteurs
498;XTCE03;Réfection partielle PC;Mise en place de tableaux d'affichage
515;XFAC01;Façade (Ravalement);Ravalement  amélioration 2500m²x45€
515;XTCE02;Réfection totale PC;1 PIM ac ctrle acc.+ cage esc. suite rplcmt portes
522;XBET01;Maîtrise d'oeuvre INVEST;Accessibilité ERPs - Tr 3&4
535;XPIM01;Porte Immeuble (Rempl.);3 PIM+Ctrl Acc+2 chassis+peintures+bal
536;XETA01;Etanch Terrasse (Rempl.);reprise partielle étanchéité toiture terasse
536;XETA03;Isolation Combles/Dalle;Isolation combles toiture hybride
536;XRAD01;Electricité (Radiateur);Remplacement convecteur
536;XTCE03;Réfection partielle PC;Install adduction EF pour jardin partagé
536;XTCE03;Réfection partielle PC;Mise en place de tableaux d'affichage
537;XTCE02;Réfection totale PC;PIM + Reprise cage suite rplcmt porte
540;XFAC01;Façade (Ravalement);Ravalement de façade 1/1 1500m²x45€/m²
540;XPIM01;Porte Immeuble (Rempl.);3 PIM+ 3 portes second.+ Contrôle Accès
540;XTCE03;Réfection partielle PC;Reprise entrées suite remplacement portes
543;XETA01;Etanch Terrasse (Rempl.);730 m² refection etanchéité terrasses toiture
543;XFAC01;Façade (Ravalement);Ravalement de façade 1/1
543;XPIM01;Porte Immeuble (Rempl.);Remplacement porte immeuble + controle accès
550;XBET01;Maîtrise d'oeuvre INVEST;Accessibilité ERPs - Tr 3&4
552;XETA03;Isolation Combles/Dalle;isaolation soufflée 315 m2
579;XBET01;Maîtrise d'oeuvre INVEST;Accessibilité ERPs - Tr 3&4
579;XTCE04;Equipement Coll (rempl.);Travaux pompes AEP+incendie, armoire électrique
581;XTCE03;Réfection partielle PC;Mise en place de tableaux d'affichage
583;XCLO01;Clôture (Remplacement);Clotures
599;XTCE02;Réfection totale PC;Portes & Contrôle Accès +  Aménagt cages (PEI+ELE)
601;XFAC03;Façade (Entretien);Etanch bandeau sous gouttières bats1-3-4-5-6-7
601;XBET01;Maîtrise d'oeuvre INVEST;Accessibilité ERPs - Tr 3&4
601;XMEX02;Menuiserie Ext (Rénov.);Vitrines et sécurisation 3 commerces
601;XTCE03;Réfection partielle PC;Peinture cages,soubassements et élect
603;XDEB01;Réseau EU/EP (Rempl.);Réfection colonnes EU/EV 2/2 (11 cages)
603;XTCE03;Réfection partielle PC;Peinture cages, soubassements et élec
607;XASC01;Ascenseur (Conformité);Contrôle quinquennal ASC
607;XPIM01;Porte Immeuble (Rempl.);Motorisation porte 58-2
608;XASC01;Ascenseur (Conformité);Contrôle Quinquennal ASC
609;XMEX01;Menuiserie Ext (Rempl.);Portes palières
610;XASC02;Ascenseur (Rénovation);Armoire+fréquence+groupe traction
617;XASC02;Ascenseur (Rénovation);habillage cabine+trx suite EDLCE sortant(5000)
617;XCUM01;Cumulus (Remplacement);Remplact CUM 1/1 (12 U)
617;XTCE03;Réfection partielle PC;Pei cages + circulations + carrelag paliers+bal
618;XFAC03;Façade (Entretien);Nettoyage façades
618;XCHD01;Chaudière (Remplacement);Remplacement chaudières 1/1 - 55 CHD x 1000 HT
618;XTCE03;Réfection partielle PC;PIM + BAL
625;XPIM01;Porte Immeuble (Rempl.);Portes Immeuble + Contrôle Accès 1/1
625;XTCE03;Réfection partielle PC;Reprise entrées suite remplacement portes
626;XFAC01;Façade (Ravalement);Ravalement de façade 1/1
626;XETA03;Isolation Combles/Dalle;Isolation combles
658;XBET01;Maîtrise d'oeuvre INVEST;Accessibilité ERPs - Tr 3&4
658;XMEX02;Menuiserie Ext (Rénov.);Rpt volets bois par persiennes
667;XASC02;Ascenseur (Rénovation);entrée 17: éclairage machinerie + grillage
667;XETA03;Isolation Combles/Dalle;Flocage caves et sous sol BAT 3 et 4 1/3
667;XPIM01;Porte Immeuble (Rempl.);Portes Immeuble + Contrôle Accès 2/2
667;XTCE03;Réfection partielle PC;Réfection des halls d'entrée
667;XFAC03;Façade (Entretien);Peinture façade
667;XMEX02;Menuiserie Ext (Rénov.);Vitrine + sécurisation locaux
667;XTCE03;Réfection partielle PC;Totem Signaletique Commerces
672;XFAC01;Façade (Ravalement);Ravalement et traitement des fissures
672;XPAG01;Portail-Barrière (Rempl);Barrière levante
672;XTCE03;Réfection partielle PC;Divers extérieurs (luminaires, BAL, etc)
674;XSER01;Garde Corps (Rempl.);bal + façade coffret
693;XSER01;Garde Corps (Rempl.);bal + façade coffret
695;XSER01;Garde Corps (Rempl.);bal + façade coffret
705;XPIM01;Porte Immeuble (Rempl.);Portes Immeuble + Contrôle Accès 1/1
706;XVRD01;Résidentialisation;Remplacement portail + clotures extérieures
707;XPIM01;Porte Immeuble (Rempl.);Portes Immeuble + Contrôle Accès 1/1
708;XPIM01;Porte Immeuble (Rempl.);Portes Immeuble + Contrôle Accès 1/1
712;XSER01;Garde Corps (Rempl.);bal + façade coffret
715;XPIM01;Porte Immeuble (Rempl.);Portes Immeuble + Contrôle Accès 1/1
715;XTCE03;Réfection partielle PC;refection partielle pc
716;XCCA01;Contrôle Accés (Install);Interphone
717;XCHD01;Chaudière (Remplacement);Remplacement chaudière
717;XPAG01;Portail-Barrière (Rempl);Changement pag coulissant
717;XTCE03;Réfection partielle PC;Mise en place de 7 tableaux d'affichage
717;XVOI01;Voirie (Réfection);Aménagement sationnement extérieur + peinture mur
728;XPIM01;Porte Immeuble (Rempl.);Portes Immeuble + Contrôle Accès 1/1
743;XPIM01;Porte Immeuble (Rempl.);Portes Immeuble + Contrôle Accès 1/1
753;XASC02;Ascenseur (Rénovation);Réfection cabine 2018
754;XTCE03;Réfection partielle PC;Réfection PC
755;XTCE03;Réfection partielle PC;refection partielle pc - cage A
756;XCLO01;Clôture (Remplacement);Remplacement de clôture
757;XPIM01;Porte Immeuble (Rempl.);Portes Immeuble + Contrôle Accès 1/1
761;XBET01;Maîtrise d'oeuvre INVEST;Accessibilité ERPs - Tr 3&4
768;XTCE03;Réfection partielle PC;Réfection PC
769;XTCE03;Réfection partielle PC;Mise en peinture des parties communes
769;XTCE03;Réfection partielle PC;Faïence + hublots LED - 7 halls MONTELS
769;XTCE03;Réfection partielle PC;Mise en place de tableaux d'affichage
770;XRAD01;Electricité (Radiateur);Remplacement convecteurs
770;XTCE03;Réfection partielle PC;Mise en place de tableaux d'affichage
773;XCUM01;Cumulus (Remplacement);Remplact CUM 1/2 (20 U)
774;XBET01;Maîtrise d'oeuvre INVEST;Accessibilité ERPs - Tr 3&4
775;XTCE03;Réfection partielle PC;Mise en place de tableaux d'affichage
776;XFAC03;Façade (Entretien);Nettoyage façade
777;XTCE03;Réfection partielle PC;Mise en place de tableaux d'affichage
779;XTCE03;Réfection partielle PC;Mise en place de tableaux d'affichage
780;XTCE03;Réfection partielle PC;Mise en place de tableaux d'affichage
788;XTCE03;Réfection partielle PC;Mise en place de 2 tableaux d'affichage
789;XTCE03;Réfection partielle PC;Mise en place de 1 tableau d'affichage
790;XBET01;Maîtrise d'oeuvre INVEST;Accessibilité ERPs - Tr 3&4
791;XTCE03;Réfection partielle PC;Refection PC peinture
791;XTCE03;Réfection partielle PC;Mise en place de tableaux d'affichage
794;XASC02;Ascenseur (Rénovation);Réfection cabine (5000e)
799;XBET01;Maîtrise d'oeuvre INVEST;Accessibilité ERPs - Tr 3&4
803;XTCE03;Réfection partielle PC;Peintures des halls et paliers (P+M) 3 bât
806;XTCE03;Réfection partielle PC;Peinture façade sur RdC
807;XABR01;Abri container;Couvertine 1 abri container dans parking
807;XASC02;Ascenseur (Rénovation);Carte de variation de fréquence
807;XTCE03;Réfection partielle PC;Réfection PC
810;XTCE03;Réfection partielle PC;Mise en place de tableaux d'affichage
811;XTCE03;Réfection partielle PC;Réfection PC
815;XOCC01;Occultation (Rempl.);Motorisation VR séjours -25 X 625 HT-T 2/2
815;XTCE03;Réfection partielle PC;Peintures des halls et paliers (P+M) 2 bât
819;XTCE02;Réfection totale PC;seulement peintures+led
820;XCCA01;Contrôle Accés (Install);Remplacement platine
820;XTCE02;Réfection totale PC;seulement peintures
821;XTCE02;Réfection totale PC;seulement peintures
822;XCCA01;Contrôle Accés (Install);Platine intratone
830;XGOE01;Maçonnerie;Alignement et réfection murs mitoyens
831;XBET01;Maîtrise d'oeuvre INVEST;Accessibilité ERPs - Tr 3&4
834;XTCE03;Réfection partielle PC;Peinture, carrelage cage + abris ext
844;XFAC01;Façade (Ravalement);Ravalement de façade
844;XTCE03;Réfection partielle PC;Réfection PC
864;XCCA01;Contrôle Accés (Install);Remplacement platine
869;XCCA01;Contrôle Accés (Install);Interphone
871;XTCE03;Réfection partielle PC;Reprises partielles revêtement cloqué et décollé
871;XTCE03;Réfection partielle PC;Mise en place de 1 tableau d'affichage
871;XTCE04;Equipement Coll (rempl.);Remplacement Pompe de relevage
872;XTCE03;Réfection partielle PC;Reprises partielles revêtement cloqué et décollé
872;XTCE03;Réfection partielle PC;Mise en place de 2 tableaux d'affichage
873;XTCE03;Réfection partielle PC;Mise en place de 2 tableaux d'affichage
876;XTCE03;Réfection partielle PC;3 Halls d'entrées
878;XPAG01;Portail-Barrière (Rempl);PAG sous-sol inadapté
885;XBET01;Maîtrise d'oeuvre INVEST;Accessibilité ERPs - Tr 3&4
885;XTCE03;Réfection partielle PC;Mise en place de tableaux d'affichage
886;XPIM01;Porte Immeuble (Rempl.);Porte Hall immeuble
887;XFAC01;Façade (Ravalement);Refection façade  + garde corp
887;XTCE02;Réfection totale PC;Eclairage LED
887;XTCE03;Réfection partielle PC;Mise en place de tableaux d'affichage
888;XTCE03;Réfection partielle PC;Mise en place de 4 tableaux d'affichage
889;XTCE03;Réfection partielle PC;Cage escalier + Hall d'entrée
895;XTCE03;Réfection partielle PC;Mise en place de 4 tableaux d'affichage
898;XGOE01;Maçonnerie;Drain périphérique NETTOYAGE RESEAUX HORIZ + VERTI
899;XMEI01;Menuiserie Int PP(Rempl);Rempl P Palière cause SER BLD  - 18X840 HT-T 2/2
899;XTCE03;Réfection partielle PC;Réfection PC
971;XTCE03;Réfection partielle PC;Tx Provision CROUS
974;XBET01;Maîtrise d'oeuvre INVEST;Accessibilité ERPs - Tr 3&4
978;XBET01;Maîtrise d'oeuvre INVEST;Accessibilité ERPs - Tr 3&4
978;XCUM01;Cumulus (Remplacement);réseaux divers + cumulus Agropolis
984;XBET01;Maîtrise d'oeuvre INVEST;Accessibilité ERPs - Tr 3&4
985;XBET01;Maîtrise d'oeuvre INVEST;Accessibilité ERPs - Tr 3&4
985;XTCE03;Réfection partielle PC;carrelag mur+peint cage escal+refect elec pc
986;XBET01;Maîtrise d'oeuvre INVEST;Accessibilité ERPs - Tr 3&4
1003;XASC02;Ascenseur (Rénovation);Boitier de protection sur armoire électr.extérieur
1009;XTCE03;Réfection partielle PC;Peinture murs et équipements collectifs
1011;XASC02;Ascenseur (Rénovation);Rpt divers organes suite DDE
1011;XPLO01;Sanitaire (Remplacement);Remplacement bacs à douche extra plat
1019;XCCA01;Contrôle Accés (Install);Platine intratone
1020;XCCA01;Contrôle Accés (Install);Platine intratone
1022;XCCA01;Contrôle Accés (Install);Platine intratone
1026;XTCE03;Réfection partielle PC;Mise en place de 3 tableaux d'affichage
1027;XTCE03;Réfection partielle PC;Mise en place de 3 tableaux d'affichage
1031;XCCA01;Contrôle Accés (Install);Remplacement interphone MOKA HS
1031;XTCE03;Réfection partielle PC;Mise en place de 3 tableaux d'affichage
1048;XTCE03;Réfection partielle PC;Mise en place de tableaux d'affichage
1066;XBET01;Maîtrise d'oeuvre INVEST;Accessibilité ERPs - Tr 3&4
1070;XFAC02;Façade (Raval+Isolation);Ravalement avec ITE
1074;XDEB01;Réseau EU/EP (Rempl.);Rpt tuyauteries EV oxydees Sous sol
1074;XELE02;Electricité (Rénov. PC);Dissocier asc. des eclairages PC et chaudières
1074;XMEX01;Menuiserie Ext (Rempl.);Sécuriser les 107 caves avec des portes
1074;XTCE03;Réfection partielle PC;PEI  circulations sous sol + 12 portes de service
1075;XETA01;Etanch Terrasse (Rempl.);Réfection étanchéité toits terrasses 1 tranche
1078;XTCE03;Réfection partielle PC;Mise en place de 2 tableaux d'affichage
1451;XBET01;Maîtrise d'oeuvre INVEST;Accessibilité ERPs - Tr 3&4
1451;XTCE03;Réfection partielle PC;amélioration partie commune
1452;XETA01;Etanch Terrasse (Rempl.);Réfection étanchéité 2/2
1452;XBET01;Maîtrise d'oeuvre INVEST;Accessibilité ERPs - Tr 3&4
1452;XTCE03;Réfection partielle PC;Mise en place carrelage PC
1454;XETA04;Cheneaux (Remplacement);Remplacement des gouttieres
1459;XTCE03;Réfection partielle PC;Mise en place de tableaux d'affichage
1460;XETA01;Etanch Terrasse (Rempl.);Provision Remplacement étanchéité Antigone
1460;XASC02;Ascenseur (Rénovation);Rpt portes cabine complètes avec amiante
1460;XCCA01;Contrôle Accés (Install);Contrôle d'accés dans 4 halls pour accès caves
1460;XGOE01;Maçonnerie;Eclairage des caves
1460;XMEX01;Menuiserie Ext (Rempl.);Rempl Portes PC  OM (80 %) -22 x 1400 HT
1460;XTCE02;Réfection totale PC;Gestion des containers
1461;XBET01;Maîtrise d'oeuvre INVEST;Accessibilité ERPs - Tr 3&4
1461;XETA03;Isolation Combles/Dalle;Isolation combles
1461;XPAG01;Portail-Barrière (Rempl);Remplacement PAG coulissant
1461;XTCE03;Réfection partielle PC;Mise en place de 3 tableaux d'affichage
1462;XTUI02;Toiture Tuile (Rénov.);M en P en sous face de grillages anti-pigeons
1462;XMEX02;Menuiserie Ext (Rénov.);Rideaux/Grilles
1462;XTCE03;Réfection partielle PC;Mise en place de tableaux d'affichage
1463;XMEX01;Menuiserie Ext (Rempl.);Baies vitrées 2 villas
1463;XSER01;Garde Corps (Rempl.);rempl gardes corps bois par lisses metalliques
1464;XTCE03;Réfection partielle PC;Mise en place de tableaux d'affichage
1465;XETA03;Isolation Combles/Dalle;Isolation des combles
1465;XPGA01;Porte Garage Ind (Rempl);M EN P PAG coulissant + projecteurs Richemont 2
1465;XTCE03;Réfection partielle PC;Mise en place de 5 tableaux d'affichage
1467;XTCE03;Réfection partielle PC;Mise en place de tableaux d'affichage
1481;XTCE03;Réfection partielle PC;Mise en place de 4 tableaux d'affichage
1482;XTCE03;Réfection partielle PC;Mise en place de 2 tableaux d'affichage
1483;XPLO02;Réseau AEP/ECS (Rempl.);Individualisation par la Régie des Eaux
1488;XTCE03;Réfection partielle PC;Peinture + carrelage + BAL
1489;XFAC01;Façade (Ravalement);Brise vue sur balcons
1489;XBET01;Maîtrise d'oeuvre INVEST;Accessibilité ERPs - Tr 3&4
1489;XTCE03;Réfection partielle PC;Réfection PC
1490;XETA03;Isolation Combles/Dalle;Flocage garage
1492;XASC02;Ascenseur (Rénovation);Armoire+fréquence+groupe+porte cabine
1493;XBET01;Maîtrise d'oeuvre INVEST;Accessibilité ERPs - Tr 3&4
1493;XEQS01;Sécurité incendie;2 portes coupe-feu métalliques
1494;XASC02;Ascenseur (Rénovation);Armoire+fréquence+groupe+porte cabine
1496;XTCE03;Réfection partielle PC;Réfection PC
1507;XCUM01;Cumulus (Remplacement);Remplact CUM 1/1 (20 U)
1508;XABR01;Abri container;toiture + portillon + remise en peinture Abri cont
1508;XPIM01;Porte Immeuble (Rempl.);Remplacement porte immeuble + controle accès
1508;XTCE03;Réfection partielle PC;Peinture Electricité Aménagements ext (esv)
1508;XCLO01;Clôture (Remplacement);Remplacement de clôture
1509;XPIM01;Porte Immeuble (Rempl.);Remplacement porte immeuble + controle accès
1514;XRAD01;Electricité (Radiateur);Remplacement convecteur
1514;XTCE03;Réfection partielle PC;Mise en place de tableaux d'affichage
1517;XBET01;Maîtrise d'oeuvre INVEST;Accessibilité ERPs - Tr 3&4
1517;XCUM01;Cumulus (Remplacement);Remplact CUM 1/2 - (15 U)
1518;XTCE03;Réfection partielle PC;Refection peinture escaliers
1518;XTCE03;Réfection partielle PC;Mise en place de tableaux d'affichage
1519;XTCE02;Réfection totale PC;Refection parties comunes
1519;XTCE03;Réfection partielle PC;Mise en place de tableaux d'affichage
Z010;XASC02;Ascenseur (Rénovation);Amélioration Ascenseur
Z010;XVRD01;Résidentialisation;Containers hors sol - 200 kE pas voté
Z172;XDEB01;Réseau EU/EP (Rempl.);Reprise réseau EU/EP locaux commerciaux LAS REBES
Z172;XMEX02;Menuiserie Ext (Rénov.);Rideaux/grilles/vitrines locaux commerciaux diffus
2;XDEB01;Réseau EU/EP (Rempl.);Réfection colonnes EP
2;XDEB01;Réseau EU/EP (Rempl.);Réfection colonnes EU - report 2021
2;XDEB01;Réseau EU/EP (Rempl.);Réfection colonnes EU - report 2021
2;XGOE01;Maçonnerie;Réfection des caves TCE
7;XPLO02;Réseau AEP/ECS (Rempl.);Remplacement colonnes montantes AEP/ REGIE
7;XTAE01;Electricité (Tableau);Réfection tableaux PC 2/2
7;XTCE03;Réfection partielle PC;Peinture des cages et  soubassements
7;XMEX02;Menuiserie Ext (Rénov.);Remplacement rideau métallique
8;XDEB01;Réseau EU/EP (Rempl.);300 colonnes EU/EV 1/3 - report 2021
8;XDEB01;Réseau EU/EP (Rempl.);300 colonnes EU/EV 1/3 - report 2021
8;XTCE03;Réfection partielle PC;CTR accès portes caves + peinture cage
8;XTCE02;Réfection totale PC;Aménagement locaux commerciaux bruts
9;XTCE02;Réfection totale PC;Portes & Contrôle Accès
13;XPLO02;Réseau AEP/ECS (Rempl.);Remplacement trappes s/colonnes Thermolaquées (85)
14;XDEB01;Réseau EU/EP (Rempl.);Retrait PLOMB colonnes fonte (bât 3,5,6)
14;XDEB01;Réseau EU/EP (Rempl.);colonnes fonte - report 2021
14;XPLO01;Sanitaire (Remplacement);Rpt baignoires fonte par bacs douche
15;XDEB01;Réseau EU/EP (Rempl.);Réfection colonnes défectueuses
16;XDEB01;Réseau EU/EP (Rempl.);Remplacement colonnes défectueuses
17;XETA01;Etanch Terrasse (Rempl.);Réfection étanchéité - ANNULE
20;XDEB01;Réseau EU/EP (Rempl.);Remplacement colonnes défectueuses
20;XPGA01;Porte Garage Ind (Rempl);remplacement portes de garages (30)
23;XCVM01;Ventilation (Rempl.);Remplacement et pose système VMC
23;XCVM01;Ventilation (Rempl.);Remplacement et pose système VMC
23;XDEB01;Réseau EU/EP (Rempl.);Remplacement colonnes - report 2021
23;XDEB01;Réseau EU/EP (Rempl.);Remplacement colonnes - report 2021
23;XPLO02;Réseau AEP/ECS (Rempl.);AEP individualisation REGIE 1/3
23;XSOL01;Sols PP (Remplacement);Sol et plinthes PP
23;XTCE03;Réfection partielle PC;Cage escalier + Hall d'entrée
23;XVOI01;Voirie (Réfection);Aménagement extérieurs - parkings
25;XMEX02;Menuiserie Ext (Rénov.);Remplacement rideau métallique
26;XFAC01;Façade (Ravalement);Nett. façade (pierre),peint. gardes corps
28;XETA01;Etanch Terrasse (Rempl.);Batiment 10/11
28;XCHD01;Chaudière (Remplacement);Remplacement partiel chaudières 2/2
28;XPLO02;Réseau AEP/ECS (Rempl.);Création et installation réseau individualisé
28;XPLO02;Réseau AEP/ECS (Rempl.);Création et branchement resea EP individualisé
29;XPGA01;Porte Garage Ind (Rempl);Remplacement portes garages (36)
30;XETA01;Etanch Terrasse (Rempl.);BÄTIMENT 6
30;XASC02;Ascenseur (Rénovation);porte cabine complete
30;XCUM01;Cumulus (Remplacement);Remplacement Cumulus
30;XCVM02;Ventilation (Rénov.);rpt 22 caissons VMC - tranche ferme
36;XFAC01;Façade (Ravalement);Façade pignon coté 10 rue écoles pies + MEN EXT
41;XCVM01;Ventilation (Rempl.);Réfection totale VMC gaz
43;XPAG01;Portail-Barrière (Rempl);Remplacement PAG
44;XCVM01;Ventilation (Rempl.);Réfection totale VMC gaz
50;XASC02;Ascenseur (Rénovation);armoire et boite cabine et paliers
86;XVRD01;Résidentialisation;Aménagement parking et cour + local vo+caméra
97;XPLO02;Réseau AEP/ECS (Rempl.);Remplacement AEP individualisation
97;XTCE03;Réfection partielle PC;Cage escalier + Hall d'entrée
115;XVRD01;Résidentialisation;Grillage + brise vue (cloture et séparation)
123;XPLO02;Réseau AEP/ECS (Rempl.);Remplacement AEP individualisation
123;XTCE03;Réfection partielle PC;Cage escalier + Hall d'entrée
124;XPLO02;Réseau AEP/ECS (Rempl.);Remplacement AEP individualisation
124;XTCE03;Réfection partielle PC;Cage escalier + Hall d'entrée
133;XGOE01;Maçonnerie;Création d'un JD 52 rue Prof HARANT
133;XMEX01;Menuiserie Ext (Rempl.);Création d'un JD 52 rue Prof HARANT
135;XFAC01;Façade (Ravalement);Ravalement de façade 1/2
135;XCUM01;Cumulus (Remplacement);Remplact CUM 2/2 (25 U)
135;XPIM01;Porte Immeuble (Rempl.);PIM + Contrôle Accès 3/3 5-6-7-8
135;XTAE01;Electricité (Tableau);Rplt TAE PP (51 logements)
137;XPLO02;Réseau AEP/ECS (Rempl.);Rempl par compteur concessionnaire  >52 lgts
137;XTAE01;Electricité (Tableau);tableaux PP
140;XCHD01;Chaudière (Remplacement);Remplacement chaudières 2/2
142;XELE01;Electricité (Rénov. PP);rénovation PP
142;XMEX01;Menuiserie Ext (Rempl.);Remplacement menuiseries extérieures bois
144;XTAE01;Electricité (Tableau);tableaux PP
168;XTCE02;Réfection totale PC;Portes & Contrôle Accès +  Aménagt cages (PEI+ELE)
173;XPLO02;Réseau AEP/ECS (Rempl.);Reprise colonne AEP + individualisation compteurs
176;XPLO02;Réseau AEP/ECS (Rempl.);Rempl par compteur concessionnaire  > 48 lgts
176;XTAE01;Electricité (Tableau);Tableaux PP
181;XFAC01;Façade (Ravalement);Ravalement + cheneaux
181;XTAE01;Electricité (Tableau);tableaux PP - 27 U
182;XMEX01;Menuiserie Ext (Rempl.);Persiennes séj+cuisine + grilles RdC côté ESV
182;XTAE01;Electricité (Tableau);Tableaux PP
183;XOCC01;Occultation (Rempl.);Persiennes PVC Séjours + Cuisine
183;XTAE01;Electricité (Tableau);Tableaux PP
188;XETA01;Etanch Terrasse (Rempl.);remplacement étanchéité sur TT partielle
189;XFAC01;Façade (Ravalement);Ravalement MH (50x15=750m2)+divers
191;XMEI01;Menuiserie Int PP(Rempl);TR3/3 - Remplacement escaliers villas
203;XFAC01;Façade (Ravalement);Ravalement façade
203;XTUI01;Toiture Tuile (Rempl.);Réfection toiture+cheneaux
217;XETA01;Etanch Terrasse (Rempl.);Réfection étanchéité 1/1
229;XTUI01;Toiture Tuile (Rempl.);Remplacement toiture + cheneaux
281;XMEX01;Menuiserie Ext (Rempl.);Remplacement bois par ALU + VR TR1/2
288;XASC02;Ascenseur (Rénovation);porte+boutons+groupe+armoire
322;XVRD01;Résidentialisation;Résidentialisation accès bât (coursives)+contr acc
329;XTAE01;Electricité (Tableau);tableaux PP
366;XTCE03;Réfection partielle PC;Peinture PC - 10 kE
369;XETA01;Etanch Terrasse (Rempl.);Refection etanchéité toiture
370;XFAC01;Façade (Ravalement);Ravalement de façade
370;XVOI01;Voirie (Réfection);Réfection voirie entre batiments
381;XFAC01;Façade (Ravalement);Facades+6 portes+22grilles+4 locaux vélos+luminair
381;XASC02;Ascenseur (Rénovation);groupe+armoire
388;XTAE01;Electricité (Tableau);tableau PP
393;XFAC01;Façade (Ravalement);Ravalement rue Claret
393;XASC02;Ascenseur (Rénovation);porte cabine + groupe
393;XCCA01;Contrôle Accés (Install);Controle accès + porte accès garages
396;XRAD01;Electricité (Radiateur);Remplacement convecteurs
406;XASC02;Ascenseur (Rénovation);porte+boutons+groupe+armoire
408;XTCE03;Réfection partielle PC;Peinture cour - 5 kE
414;XTCE03;Réfection partielle PC;Réfection cour - 15 kE
415;XTCE03;Réfection partielle PC;Réfection cour - 10 kE
416;XTCE03;Réfection partielle PC;Réfection cour - 10 kE
417;XTCE03;Réfection partielle PC;Réfection cour - 5 kE
421;XFAC01;Façade (Ravalement);Ravalement façade 4000 m2
434;XFAC01;Façade (Ravalement);Ravalement de façade
434;XTCE02;Réfection totale PC;Reprises pieux intérieurs bt50 (11128 €HT)
440;XTUI01;Toiture Tuile (Rempl.);remplacement toiture hors cheneaux
451;XTAE01;Electricité (Tableau);Remplacement Tableaux Electriques 1/1
451;XTCE03;Réfection partielle PC;Eclairage et peinture PC - 16 kE
456;XFAC01;Façade (Ravalement);Ravalement de façade I3
489;XMEX01;Menuiserie Ext (Rempl.);rehab
522;XTCE02;Réfection totale PC;PEI+ Carrelage /// escaliers + paliers
535;XFAC01;Façade (Ravalement);Ravalement pignon Est (bât. forme crayon)
537;XFAC01;Façade (Ravalement);Ravalement façade 2550 m2
552;XPIM01;Porte Immeuble (Rempl.);Remplacement portes + controle accès
561;XPIM01;Porte Immeuble (Rempl.);Remplacement porte + controle accès
563;XFAC01;Façade (Ravalement);Ravalement façade + peinture tole sur toit
563;XVRD01;Résidentialisation;Pag Cloture Portillon
565;XTAE01;Electricité (Tableau);tableaux PP
573;XFAC01;Façade (Ravalement);Ravalement 4 Bâtiments sans ITE
573;XCHD01;Chaudière (Remplacement);48 CUMULUS CAR PAS DE CHAUDIERES
581;XTCE03;Réfection partielle PC;peinture Hall+esc+palier - 10 kE
583;XTAE01;Electricité (Tableau);TAbleaux PP
589;XSER01;Garde Corps (Rempl.);Remplacement garde-corps
590;XFAC01;Façade (Ravalement);Ravalement pignon coté rue Roucher
601;XDEB01;Réseau EU/EP (Rempl.);Réfection colonnes EU/EV 1/2 (12 cages)
601;XDEB01;Réseau EU/EP (Rempl.);Réfection colonnes EU/EV - TERMINE
601;XMEX02;Menuiserie Ext (Rénov.);Rénovation devanture (porte+rideau) fait hors PPT
603;XFAC03;Façade (Entretien);Etanchéité bandeau sous gouttiere
605;XVRD01;Résidentialisation;Container hors sol
607;XASC02;Ascenseur (Rénovation);armoire
608;XASC02;Ascenseur (Rénovation);armoire
618;XVRD01;Résidentialisation;Container hors sol
625;XFAC01;Façade (Ravalement);Ravalement façade 2100 m2
626;XFAC01;Façade (Ravalement);Reprise 2 balcons suite ravalement
667;XTCE03;Réfection partielle PC;Réfection PC
669;XPIM01;Porte Immeuble (Rempl.);Remplacement porte + controle accès
673;XPAG01;Portail-Barrière (Rempl);PAG 25 bis avenue de nimes
687;XPIM01;Porte Immeuble (Rempl.);Remplacement porte immeuble + controle accès+bal
687;XTCE03;Réfection partielle PC;Refection PC - 7 kE
706;XTAE01;Electricité (Tableau);Remplacement tableaux électriques
706;XTCE03;Réfection partielle PC;Réfection PCs - 10 kE
707;XCHD01;Chaudière (Remplacement);Rplt chaudière avec CEE
710;XTCE03;Réfection partielle PC;Réfection PCs (globes) - 10 kE
717;XETA01;Etanch Terrasse (Rempl.);Refection etanchéité toiture
717;XVRD01;Résidentialisation;Aménagement VRD + stationnement + abri OM
718;XTCE03;Réfection partielle PC;Réfection PCs - 10 kE
726;XCHD01;Chaudière (Remplacement);Chaudiere avec CEE
726;XPIM01;Porte Immeuble (Rempl.);Remplacement porte + controle accès
728;XCHD01;Chaudière (Remplacement);Chaudière avec CEE
730;XCHD01;Chaudière (Remplacement);chaudières
730;XPIM01;Porte Immeuble (Rempl.);Rpt porte immeuble+controle accès+bal+clotures
743;XCHD01;Chaudière (Remplacement);Chaudière avec CEE
751;XFAC01;Façade (Ravalement);ravalement
753;XPLO02;Réseau AEP/ECS (Rempl.);Rempla par compteur concess  > 47 lgts
757;XCHD01;Chaudière (Remplacement);Chaudiere avec CEE
758;XFAC01;Façade (Ravalement);Peinture Facade +volets et F&P Cheneaux+descentes
760;XETA01;Etanch Terrasse (Rempl.);Réfection des deux toitures terrasse
762;XCUM01;Cumulus (Remplacement);Cumulus  + limit pres + bague adoucisseur 42 lgts
763;XTCE03;Réfection partielle PC;peintures - 10 kE
768;XASC02;Ascenseur (Rénovation);Habillage cabine anti vandale+boutons
769;XPIM01;Porte Immeuble (Rempl.);PIM + INTERPHONIE
771;XPIM01;Porte Immeuble (Rempl.);Portes Immeuble + Contrôle Accès +clotures
772;XPIM01;Porte Immeuble (Rempl.);Rpt porte immeuble + controle d'accès + BAL
781;XPIM01;Porte Immeuble (Rempl.);Rplt porte immeuble + controle d'accès
784;XPIM01;Porte Immeuble (Rempl.);Portes halls + platines
784;XTCE02;Réfection totale PC;PEI+ Carrelage+ elec /// escaliers + paliers
789;XFAC01;Façade (Ravalement);Reprise peinture façade CARDABELLE
789;XTCE03;Réfection partielle PC;peinture hall + cages escaliers -20 kE
797;XPIM01;Porte Immeuble (Rempl.);porte immeuble + controle d'accès
802;XCCA01;Contrôle Accés (Install);Remplacement interphones (4 platines)
819;XFAC01;Façade (Ravalement);Ravalement des façades D3
821;XCUM01;Cumulus (Remplacement);Cumulus solaire
823;XTCE03;Réfection partielle PC;Réfection PCs - 15 kE
872;XCCA01;Contrôle Accés (Install);Sécurisation par contrôle d'accès
881;XCCA01;Contrôle Accés (Install);Remplacement interphones (4 platines)
898;XVRD01;Résidentialisation;report en 2021
971;XFAC02;Façade (Raval+Isolation);Ravalement de façade reporté
978;XELE02;Electricité (Rénov. PC);Refection Armoires Electriques PC + eclairage PC
985;XPIM01;Porte Immeuble (Rempl.);Remplacement porte immeuble + controle d'accès
1000;XTCE03;Réfection partielle PC;Réfection PC - 14 kE
1001;XFAC03;Façade (Entretien);Reprise de la façade d'entrée
1002;XTCE03;Réfection partielle PC;Réfection PC - 10 kE
1070;XFAC01;Façade (Ravalement);Ravalement  et modif garde corps
1070;XASC02;Ascenseur (Rénovation);porte+boutons+armoire+huile hydraulique
1075;XCUM01;Cumulus (Remplacement);Remplacement des cumulus 140 u *450
1075;XOCC01;Occultation (Rempl.);Remplacement des persiennes PVC
1077;XFAC01;Façade (Ravalement);Nett façade + pei /// cheneaux +descente
1451;XETA01;Etanch Terrasse (Rempl.);Etanchéite Bat C
1451;XTAE01;Electricité (Tableau);Remp Tableaux PC
1451;XTCE03;Réfection partielle PC;Amélioration PC (ANRU)
1460;XCCA01;Contrôle Accés (Install);divers remise en état des CAVES
1460;XELE01;Electricité (Rénov. PP);Tableaux PP 275 U x 550
1460;XMEX01;Menuiserie Ext (Rempl.);Rempl Portes PC  OM (80 %) -22 x 1400 HT
1460;XTCE02;Réfection totale PC;réfection des caves
1461;XTCE04;Equipement Coll (rempl.);Mise en place d' arceaux de stationnement
1462;XPIM01;Porte Immeuble (Rempl.);Remp PIM + interphonie + BAL x 11
1462;XTCE03;Réfection partielle PC;Mise en peinture des parties communes
1463;XFAC01;Façade (Ravalement);Ravalement 4500 m2 + pergolas + cheneaux
1467;XPIM01;Porte Immeuble (Rempl.);PIM + INTERPHONIE
1467;XTCE02;Réfection totale PC;Refection peint-carr - reporté
1469;XPIM01;Porte Immeuble (Rempl.);Remp PIM + interphonie + BAL x 5
1469;XTCE03;Réfection partielle PC;Mise en peinture des parties communes
1483;XFAC01;Façade (Ravalement);Ravalement de façade  D3
1490;XVRD01;Résidentialisation;2 portillons + platines, dépla VO, Rempl dalles
1491;XPLO02;Réseau AEP/ECS (Rempl.);Réfection réseau AEP
1492;XTCE02;Réfection totale PC;Portes & CTR+Aménagt cages (PEI+ELE)
1493;XTCE02;Réfection totale PC;Portes & Contrôle Accès +  Aménagt cages (PEI+ELE)
1500;XFAC01;Façade (Ravalement);Ravalement de façade I4
1507;XETA02;Etanch Terrasse (Rénov.);Etanchéité sols balcons
1517;XCUM01;Cumulus (Remplacement);Remplact CUM 2/2 - (15 U)
1517;XPGA01;Porte Garage Ind (Rempl);PAG - BAT/B1
1523;XTCE02;Réfection totale PC;Réfection PC+portes+façades gaines techniques
Z010;XASC02;Ascenseur (Rénovation);Amélioration Ascenseur
Z010;XCCA01;Contrôle Accés (Install);Sécurisation locaux VO Rés. LEZ
Z010;XCHD01;Chaudière (Remplacement);Budget hors ELN COEUR AGGLO
Z010;XVID01;Vidéosurveillance;Vidéo surveillance
Z010;XVRD01;Résidentialisation;Containers hors sol - 1600x110
Z172;XETA01;Etanch Terrasse (Rempl.);Etanchéité Aiguelongue -SUPPRIME
Z172;XDEB01;Réseau EU/EP (Rempl.);Reprise EU/EP locaux commerciaux - ANNULE
Z172;XMEX02;Menuiserie Ext (Rénov.);Rideaux/Grilles/Locaux commerciaux diffus
1;XTCE03;Réfection partielle PC;Réfection plancher intermédiaire
2;XCCA01;Contrôle Accés (Install);Contrôle Acces- ANNULE
2;XDEB01;Réseau EU/EP (Rempl.);Réfection colonnes EU 1/3
2;XTCE03;Réfection partielle PC;marquises
5;XELE02;Electricité (Rénov. PC);Eclairage LED sous sol des caves
5;XSER01;Garde Corps (Rempl.);panneaux fixes/clts sur balcons** REPORT 2022
5;XTCE03;Réfection partielle PC;rpt Portes gaines + réfection peinture caves
6;XCHD01;Chaudière (Remplacement);62 chaudières ventouse condensation
6;XTCE02;Réfection totale PC;peinture
6;XTCE03;Réfection partielle PC;Sécurité colonne GAZ ** ANNULE
7;XETA01;Etanch Terrasse (Rempl.);Réfection toiture (report 2022?)
7;XPLO02;Réseau AEP/ECS (Rempl.);Rpt colonnes montantes AEP hors REGIE
7;XTCE03;Réfection partielle PC;Cage escalier + Hall d'entrée
7;XMEX02;Menuiserie Ext (Rénov.);Rideaux/Grilles
8;XETA02;Etanch Terrasse (Rénov.);ETA bât 33 et 34 - voir DO sur M8439
8;XDEB01;Réseau EU/EP (Rempl.);Chemisage colonnes EU/EV 1/4
9;XCHD01;Chaudière (Remplacement);8 chaudieres ventouse condensation
10;XCHD01;Chaudière (Remplacement);91 chaudieres ventouse condensation
10;XESV01;Espaces Verts;Espaces verts ** ANNULE
10;XTCE02;Réfection totale PC;peinture
11;XPGA01;Porte Garage Ind (Rempl);Renforcer verrouillage portes garages** ANNULE
13;XDEB01;Réseau EU/EP (Rempl.);Réfection réseau EU 1/3
14;XDEB01;Réseau EU/EP (Rempl.);Rpt colonnes (bat 6à9, 13à15, 18à21)
14;XPGA01;Porte Garage Ind (Rempl);Rplt des 38 portes de garages**REPORT 2022
14;XPIM01;Porte Immeuble (Rempl.);5 portes arrières des Bât **REPORT 2022
14;XTCE03;Réfection partielle PC;88 SéparatifS balcons Bt.1 à 21** REPORT 2022
14;XETA01;Etanch Terrasse (Rempl.);Toiture terrasse LA POSTE
14;XTCE03;Réfection partielle PC;Pose de Totem - Centre Commercial
15;XDEB01;Réseau EU/EP (Rempl.);Réfection colonnes défectueuses
16;XDEB01;Réseau EU/EP (Rempl.);Réfection colonnes défectueuses
18;XCHD01;Chaudière (Remplacement);Remplacement chaudière
18;XELE02;Electricité (Rénov. PC);ELECTRICITE PC TABLEAUX
19;XASC02;Ascenseur (Rénovation);armoire de commande
19;XCHD01;Chaudière (Remplacement);Remplacement chaudières - ANNULE
19;XDEB01;Réseau EU/EP (Rempl.);reféction réseau
19;XMEX02;Menuiserie Ext (Rénov.);Remplacement rideau métallique
20;XABR01;Abri container;Réfection des abris containers
20;XCHD01;Chaudière (Remplacement);Remplacement chaudières
20;XDEB01;Réseau EU/EP (Rempl.);Remplacement colonnes défectueuses
20;XELE02;Electricité (Rénov. PC);Remplct éclairage par hublot led détection 23 bat
20;XELE02;Electricité (Rénov. PC);Réfection éclairage des caves
20;XSER01;Garde Corps (Rempl.);Rideaux/grilles : Axe motorisé
22;XDEB01;Réseau EU/EP (Rempl.);Remplacement réseau EU/EP + PEI
23;XDEB01;Réseau EU/EP (Rempl.);Remplacement réseau EU/EP + PEI (1/3)
23;XPLO02;Réseau AEP/ECS (Rempl.);AEP INDIVIDUALISATION REGIE (2/3)
23;XTCE03;Réfection partielle PC;Réfection cage escalier (3/3)
23;XVRD01;Résidentialisation;Aménagement parking 20 places
26;XELE02;Electricité (Rénov. PC);Eclairage LED
28;XFAC01;Façade (Ravalement);ravalement sur ITE- bat 1+ 2- 1/2
28;XDEB01;Réseau EU/EP (Rempl.);Rpt colonnes UE
28;XELE02;Electricité (Rénov. PC);Mise en place éclairage Led
28;XTCE02;Réfection totale PC;Locaux commerciaux Salaison**REPORT
29;XPGA01;Porte Garage Ind (Rempl);Remplacement 20 (11+?)portes+peinture+habillage
29;XTCE02;Réfection totale PC;Réfection 3 cages/électricité/porte coupe feu PC
30;XETA01;Etanch Terrasse (Rempl.);Bâtiments étanchéité - 10 - 11
30;XETA02;Etanch Terrasse (Rénov.);etanchéité BAT 5 - voir DO sur 8438
30;XETA02;Etanch Terrasse (Rénov.);étanchéité BAT 1 - voir DO sur 8438
30;XETA02;Etanch Terrasse (Rénov.);étanchéité BAT 9 - voir DO sur 8438
30;XASC02;Ascenseur (Rénovation);Armoire de commande
30;XCUM01;Cumulus (Remplacement);cumulus
30;XCVM01;Ventilation (Rempl.);Suite 2020: TO1 logement 80k + TO 2 réseau toi 75k
30;XDEB01;Réseau EU/EP (Rempl.);Réfection colonnes EU/EV 1/3
30;XPIM01;Porte Immeuble (Rempl.);Remplacement 22 portes coupe feu
30;XTCE03;Réfection partielle PC;Peinture cages R + 4
30;XTCE03;Réfection partielle PC;Peinture cages R + 7
31;XELE02;Electricité (Rénov. PC);Réfection éclairage PC
37;XFAC01;Façade (Ravalement);Nettoyage + peinture + cheneaux
37;XTCE03;Réfection partielle PC;REMPLACEMENT SOLS SOUPLES  PC
39;XDEB01;Réseau EU/EP (Rempl.);Réfection réseau EU
39;XELE02;Electricité (Rénov. PC);Eclairage LED parties communes
39;XTCE03;Réfection partielle PC;Réfection soubassements bat 236/216
40;XDEB01;Réseau EU/EP (Rempl.);Rempl culotte et horizontaux EU/EV 5 bâtiments
41;XELE02;Electricité (Rénov. PC);Réfection éclairage LED dans 6 cages
41;XVID01;Vidéosurveillance;Vidéosurveillance
42;XCHD01;Chaudière (Remplacement);Remplacement chaudières
43;XESV01;Espaces Verts;Revetement voirie
43;XESV01;Espaces Verts;Espaces verts
43;XPLO02;Réseau AEP/ECS (Rempl.);Individualisation(25)--REPORTE
44;XCHD01;Chaudière (Remplacement);Remplacement chaudières
44;XCVM01;Ventilation (Rempl.);remplact caisson VMC- fini en 2020
44;XPLO01;Sanitaire (Remplacement);Remplacement cuvettes w-c
44;XPLO02;Réseau AEP/ECS (Rempl.);Individualisation REGIE
55;XDEB01;Réseau EU/EP (Rempl.);RPT RESEAUX EU/EP - ANNULE
86;XCHD01;Chaudière (Remplacement);Remplacement chaudères gaz
86;XVID01;Vidéosurveillance;Vidéosurveillance
86;XVRD01;Résidentialisation;Aménagement places vélos
92;XELE02;Electricité (Rénov. PC);ECLAIRAGE EXTERIEUR
115;XABR01;Abri container;CREATION ABRIS CONTAINERS X2
117;XSER01;Garde Corps (Rempl.);Rideaux / grilles
132;XTUI01;Toiture Tuile (Rempl.);Toiture + gouttieres alu+isolation combles
133;XTCE02;Réfection totale PC;Création d'un JD 52 rue Prof HARANT
135;XFAC01;Façade (Ravalement);Ravalement de façade (2 TO) 2/2
135;XPAG01;Portail-Barrière (Rempl);Remplacement barrière
135;XTCE02;Réfection totale PC;Sol + peinture + faiences hall 1/2
137;XCHD01;Chaudière (Remplacement);13 chaudieres ventouse condensation
137;XCHD01;Chaudière (Remplacement);chaudieres VMC GAZ
137;XTAE01;Electricité (Tableau);suite 2020: TAE appareillage linolite
137;XTCE03;Réfection partielle PC;remplacement 9 tableaux affichage
137;XVRD01;Résidentialisation;Containers hors sol
140;XCHD01;Chaudière (Remplacement);66 chaudieres ventouse condensation
140;XPGA01;Porte Garage Ind (Rempl);Remplacement portes garages+ clotures
144;XTAE01;Electricité (Tableau);suite 2020 : appareillage+linolite
168;XTAE01;Electricité (Tableau);tableau partie privative
168;XCLO01;Clôture (Remplacement);Protection de 3 jardins
173;XPIM01;Porte Immeuble (Rempl.);5 portes + interphonie
176;XCHD01;Chaudière (Remplacement);20 chaudières ventouse condensation
176;XCHD01;Chaudière (Remplacement);chaudières ** ANNULE
176;XTAE01;Electricité (Tableau);suite 2020: TAE appareillage linolite
176;XTCE03;Réfection partielle PC;remplacement 9 tableaux affichage
181;XOCC01;Occultation (Rempl.);Persiennes séjour / cuisine
182;XOCC01;Occultation (Rempl.);Persiennes séjour / cuisine 2020
183;XOCC01;Occultation (Rempl.);Persiennes séjour / cuisine 2020
188;XETA01;Etanch Terrasse (Rempl.);Etanchéité toitures terrases
189;XTUI02;Toiture Tuile (Rénov.);Remplacement chéneaux plomb façade avant
191;XCVM01;Ventilation (Rempl.);Mise en place VMC 35 logt
191;XVRD01;Résidentialisation;F&P 42 portillions
194;XGOE01;Maçonnerie;Maçonnerie - fissures 110 Simone de Beauvoir
198;XCHD01;Chaudière (Remplacement);25 chaudieres ventouse condensation
274;XCHD01;Chaudière (Remplacement);9 chaudieres ventouse condensation
279;XCHD01;Chaudière (Remplacement);Chaudières VMC GAZ-*** REPORTE
281;XASC02;Ascenseur (Rénovation);Création nouvelle cuvette
281;XMEX01;Menuiserie Ext (Rempl.);Remplacement MEX- lgt TEMOIN
281;XTCE03;Réfection partielle PC;remplacement 11 tableaux d'affichage
281;XTCE03;Réfection partielle PC;Remplacement BAL 14 entrées*540
286;XCHD01;Chaudière (Remplacement);57 chaudieres ventouse condensation
288;XPAG01;Portail-Barrière (Rempl);Remplacement porte garage accés parking
294;XFAC01;Façade (Ravalement);Facades + cheneaux Bt 3-4-5 - 1/2
294;XPGA01;Porte Garage Ind (Rempl);Portes garages
301;XCCA01;Contrôle Accés (Install);Sécurisation locaux VO**REPORT
301;XELE02;Electricité (Rénov. PC);Remplacement tableau PC
301;XTCE03;Réfection partielle PC;carrelage + peinture 3 halls
322;XASC02;Ascenseur (Rénovation);Armoire de commande y/c boutons cabine et paliers
322;XCHD01;Chaudière (Remplacement);28 chaudieres ventouse condensation
329;XTAE01;Electricité (Tableau);suite 2020: TAE appareillage linolite
336;XFAC01;Façade (Ravalement);Façade + ETA des terrasses accessibles
358;XELE02;Electricité (Rénov. PC);Remplacement tableau PC
358;XPGA01;Porte Garage Ind (Rempl);Remplacement des prtes box 1/2
359;XELE02;Electricité (Rénov. PC);Remplacement Tableaux PC
359;XPGA01;Porte Garage Ind (Rempl);Remplacement des portes box 1/2
359;XTCE01;Rénovation Complète Lgt;Transformation agence en logements
369;XTAE01;Electricité (Tableau);Remplacement tableaux
369;XCLO01;Clôture (Remplacement);Remplacement clotures
381;XTCE02;Réfection totale PC;Réfection Cages + Halls + Palier et LED
381;XVRD01;Résidentialisation;Containers hors sol
383;XPIM01;Porte Immeuble (Rempl.);Portes arrières CIBOX (3)** REPORT 2022
388;XOCC01;Occultation (Rempl.);Persiennes séjour / cuisine
388;XTCE03;Réfection partielle PC;Peinture cages R + 4
396;XMEX01;Menuiserie Ext (Rempl.);Remplacement portes palières 1/2
405;XGOE01;Maçonnerie;Refection mur de séparation
414;XTUI02;Toiture Tuile (Rénov.);rénovation toiture
415;XFAC01;Façade (Ravalement);Ravalement de façades D3 RPE RSE
415;XPAG01;Portail-Barrière (Rempl);remplacement 35 portes garage
415;XTCE03;Réfection partielle PC;Refection cour ** ANNULE
415;XTCE03;Réfection partielle PC;peinture parties communes
417;XTUI02;Toiture Tuile (Rénov.);Renovation toiture
422;XESV01;Espaces Verts;ELAGAGE
434;XCCA01;Contrôle Accés (Install);Contrôle Acces
451;XCUM01;Cumulus (Remplacement);CUMULUS
451;XTCE03;Réfection partielle PC;Refection partie communes
458;XGOE01;Maçonnerie;Réfection pilier qui bouge (ELN)
513;XVID01;Vidéosurveillance;Vidéosurveillance
520;XPLO02;Réseau AEP/ECS (Rempl.);Rempla par comteur concess SURPRES > 59 lgts
520;XCLO01;Clôture (Remplacement);Clôture + serrurerie** REPORT
522;XTCE02;Réfection totale PC;ELEC suite 2020  /// escaliers + paliers
526;XVOI01;Voirie (Réfection);réféction des allées de circulation
540;XTUI01;Toiture Tuile (Rempl.);Remplacement toiture tuiles + gouttieres alu
540;XVID01;Vidéosurveillance;Vidéosurveillance
543;XESV01;Espaces Verts;Végétalisation des espaces ** ANNULE
545;XFAC03;Façade (Entretien);ravalement + chéneaux
550;XASC02;Ascenseur (Rénovation);Rpt porte cabine complète
550;XCCA01;Contrôle Accés (Install);Sécurisation locaux VO**REPORT
563;XVRD01;Résidentialisation;Pag cloture portillon** REPORT
581;XCUM01;Cumulus (Remplacement);Remplacement Cumulus
583;XELE02;Electricité (Rénov. PC);Eclairage LED à détection
583;XTAE01;Electricité (Tableau);suite 2020: TAE appareillage linolite
583;XTCE03;Réfection partielle PC;Pose grilles défense fenêtres rdc non équipées
583;XVRD01;Résidentialisation;Containers hors sol
594;XFAC02;Façade (Raval+Isolation);Ravalavement + ITE
595;XFAC03;Façade (Entretien);Ravalement + chéneaux
595;XETA03;Isolation Combles/Dalle;Isolation combles
601;XCVM01;Ventilation (Rempl.);Pose extracteur individuels ***voir 2023
601;XTCE03;Réfection partielle PC;Pose de Totem - Centre Commercial
606;XGOE01;Maçonnerie;Démolition anciens abris containers
606;XVRD01;Résidentialisation;Containers hors sol
607;XASC02;Ascenseur (Rénovation);Groupe de traction
607;XTCE03;Réfection partielle PC;Réfection des entrées peinture - Faïence
607;XVID01;Vidéosurveillance;Vidéosurveillance
608;XASC02;Ascenseur (Rénovation);Groupe de traction
608;XVID01;Vidéosurveillance;Vidéosurveillance
609;XETA04;Cheneaux (Remplacement);Cheneaux + descentes
610;XPLO02;Réseau AEP/ECS (Rempl.);Cptr eau sortis des PP en PC hors concessionnaire
610;XTCE03;Réfection partielle PC;soubassement pierre+ portes + elect PC
610;XTCE03;Réfection partielle PC;peinture cage escalier 90 et 114 rue de leyde
617;XFAC03;Façade (Entretien);Nettoyage façade
617;XABR01;Abri container;Création abri containers (6 places)
617;XESV01;Espaces Verts;Espaces verts-Elagage
618;XASC02;Ascenseur (Rénovation);Porte et habillage cabine
625;XELE02;Electricité (Rénov. PC);Réfection éclairage garage led détection
628;XTCE03;Réfection partielle PC;Réfection carrelage et peinture 2 halls
628;XCLO01;Clôture (Remplacement);Clôture + Portillon** REPORT
667;XASC02;Ascenseur (Rénovation);Armoire de commande
667;XCHD01;Chaudière (Remplacement);chaudières ventouse condensation
667;XESV01;Espaces Verts;Végétalisation des espaces
667;XOCC01;Occultation (Rempl.);Remplacement Volet (1/4) Bat 1-2
667;XTCE03;Réfection partielle PC;Réfection PC + parkings bt 1 et 2
667;XVOI01;Voirie (Réfection);réfection des voiries bât 1 et 2
667;XSER01;Garde Corps (Rempl.);Rideaux/grilles
667;XTCE03;Réfection partielle PC;Pose de Totem - Centre Commercial
667;XSER01;Garde Corps (Rempl.);Rideaux/grilles UG 22232
705;XCHD01;Chaudière (Remplacement);13 chaudieres ventouse condensation
706;XTCE03;Réfection partielle PC;Refection partie communes** ANNULE
708;XCHD01;Chaudière (Remplacement);15 chaudieres ventouse condensation
709;XCHD01;Chaudière (Remplacement);14 chaudieres ventouse condensation
709;XPIM01;Porte Immeuble (Rempl.);Remplacement porte Hallhall ** REPORT
710;XTCE03;Réfection partielle PC;Réfection Partie commune**ANNULE
713;XCCA01;Contrôle Accés (Install);Sécurisation locaux VO** REPORT
713;XCHD01;Chaudière (Remplacement);4 chaudieres ventouse condensation
713;XPIM01;Porte Immeuble (Rempl.);Remplacement PIM ** REPORT
715;XCHD01;Chaudière (Remplacement);21 chaudieres ventouse condensation
716;XELE02;Electricité (Rénov. PC);Eclairage LED PC
717;XVRD01;Résidentialisation;Aménagement VRD + stationnement + abri OM
730;XCHD01;Chaudière (Remplacement);chaudières VMC GAZ - ANNULE
730;XVRD01;Résidentialisation;residentialisation - report 2022 ?
744;XCHD01;Chaudière (Remplacement);26 chaudieres ventouse condensation
752;XELE02;Electricité (Rénov. PC);Eclairage à LED garage souterrain
752;XTCE03;Réfection partielle PC;4 locaux VO (PEI+CARRELAGE+ COND VO paliers)
753;XCCA01;Contrôle Accés (Install);Sécurisation locaux VO**REPORT
756;XPAG01;Portail-Barrière (Rempl);barrière
762;XCUM01;Cumulus (Remplacement);Cumulus  + limit pres + bagues adoucisseur 42 lgts
766;XPAG01;Portail-Barrière (Rempl);Pose barrière parking
768;XCCA01;Contrôle Accés (Install);Sécurisation locaux VO**REPORT
768;XESV01;Espaces Verts;Plantation
768;XETA04;Cheneaux (Remplacement);Installation de pics anti pigeons
769;XPIM01;Porte Immeuble (Rempl.);PIM + INTERPHONIE + BAL X 7
771;XTCE03;Réfection partielle PC;Réfection Partie commune
772;XTCE03;Réfection partielle PC;Refection partie communes
773;XETA01;Etanch Terrasse (Rempl.);Réfection des toitures terrasses
775;XCHD01;Chaudière (Remplacement);43 chaudieres ventouse condensation
775;XPIM01;Porte Immeuble (Rempl.);3 portes + interphonie
777;XCHD01;Chaudière (Remplacement);51 chaudieres ventouse condensation
777;XPIM01;Porte Immeuble (Rempl.);4 portes + interphonie
778;XCHD01;Chaudière (Remplacement);31 chaudieres ventouse condensation
778;XTCE03;Réfection partielle PC;PEINTURE HALLS + CAGES
780;XFAC03;Façade (Entretien);Reprise en PEI soubassement plus muret
784;XTCE02;Réfection totale PC;ELEC suite 2020  /// escaliers + paliers
788;XVRD01;Résidentialisation;Mise en place U securisation 55 places parking
796;XCCA01;Contrôle Accés (Install);Contrôle Acces
800;XCCA01;Contrôle Accés (Install);Sécurisation locaux VO**REPORT
803;XCCA01;Contrôle Accés (Install);Sécurisation locaux VO**REPORT
803;XTCE03;Réfection partielle PC;Peintures
806;XCCA01;Contrôle Accés (Install);Sécurisation locaux VO**REPORT
806;XCHD01;Chaudière (Remplacement);90 chaudieres ventouse condensation
806;XTCE03;Réfection partielle PC;Peintures
806;XTCE03;Réfection partielle PC;Remplacement BAL 540U x 11
807;XASC02;Ascenseur (Rénovation);Armoire de commande y/c boutons cabine et paliers
807;XCCA01;Contrôle Accés (Install);Sécurisation locaux VO**REPORT
807;XESV01;Espaces Verts;Plantation
807;XPIM01;Porte Immeuble (Rempl.);Portes Hall d'entrée x2**REPORT
807;XTCE03;Réfection partielle PC;Peinture murs fosses
811;XCCA01;Contrôle Accés (Install);Sécurisation locaux VO** REPORT
813;XPIM01;Porte Immeuble (Rempl.);residentialisation ** REPORT 2022
813;XPLO01;Sanitaire (Remplacement);MISE EN PLACE REDUCTEURS DE PRESSION
815;XMEX02;Menuiserie Ext (Rénov.);Remplacement de certains tabliers VR
816;XCCA01;Contrôle Accés (Install);Sécurisation locaux VO**REPORT
818;XPLO01;Sanitaire (Remplacement);MISE EN PLACE REDUCTEURS DE PRESSION
831;XCVM01;Ventilation (Rempl.);creche:rpt caisson sflux+ réfection des 2 autres
834;XFAC02;Façade (Raval+Isolation);Rempl bois par trespa + ETA balcon /// 1/2
836;XFAC03;Façade (Entretien);Ravalement
836;XCCA01;Contrôle Accés (Install);Sécurisation locaux VO**REPORT
837;XCCA01;Contrôle Accés (Install);Contrôle Acces
837;XPLO01;Sanitaire (Remplacement);MISE EN PLACE REDUCTEURS DE PRESSION
841;XCCA01;Contrôle Accés (Install);Sécurisation locaux VO**REPORT
844;XETA02;Etanch Terrasse (Rénov.);toitures terrassses - voir DO sur M8439
854;XPLO01;Sanitaire (Remplacement);MISE EN PLACE REDUCTEURS DE PRESSION
855;XPLO01;Sanitaire (Remplacement);MISE EN PLACE REDUCTEURS DE PRESSION
858;XCCA01;Contrôle Accés (Install);Contrôle Acces
858;XELE02;Electricité (Rénov. PC);Eclairage LED
869;XPLO02;Réseau AEP/ECS (Rempl.);Rempla par compteur concess SURPRES  > 80 lgts
871;XESV01;Espaces Verts;Aménagements 4 bacs abords résidence
874;XCCA01;Contrôle Accés (Install);Sécurisation locaux VO** REPORT
874;XCLO01;Clôture (Remplacement);Clôture + Portillons ** REPORT
875;XTCE03;Réfection partielle PC;peinture parties communes
879;XVRD01;Résidentialisation;mise en oeuvre barreaudage
881;XTCE03;Réfection partielle PC;Pose de Totem - Centre Commercial
885;XVRD01;Résidentialisation;Reprise Portail, places, securisation
887;XASC02;Ascenseur (Rénovation);Porte cabine (et portes palières BT B)
887;XVID01;Vidéosurveillance;Vidéosurveillance
889;XFAC03;Façade (Entretien);FACADE ENTRETIEN
892;XCCA01;Contrôle Accés (Install);Sécurisation locaux VO**REPORT
897;XFAC03;Façade (Entretien);Peinture sur façade rue
898;XESV01;Espaces Verts;ELAGAGE
898;XVRD01;Résidentialisation;Individualisation+ installation séparatif + loc om
899;XVOI01;Voirie (Réfection);Installation portique + verrouillageporte garages
971;XFAC02;Façade (Raval+Isolation);Ravalement de façade
971;XMEX02;Menuiserie Ext (Rénov.);Barreaudage
978;XTCE03;Réfection partielle PC;Tvx provision CROUS
1001;XPLO02;Réseau AEP/ECS (Rempl.);individualisation REGIE
1002;XTCE03;Réfection partielle PC;Refection partie communes
1002;XVID01;Vidéosurveillance;Vidéosurveillance
1005;XCCA01;Contrôle Accés (Install);contrôle d'accès 24 k
1005;XVID01;Vidéosurveillance;Vidéosurveillance
1006;XVID01;Vidéosurveillance;Vidéosurveillance
1007;XCCA01;Contrôle Accés (Install);CTR SECURITE ACCES S SOL 15 k€
1007;XVID01;Vidéosurveillance;Vidéosurveillance
1026;XVRD01;Résidentialisation;Consolidation talus -report 2022
1031;XASC02;Ascenseur (Rénovation);Armoire de commande y/c boutons cabine et paliers
1044;XVID01;Vidéosurveillance;Vidéosurveillance
1070;XASC02;Ascenseur (Rénovation);Armoire hydraulique+porte habillage cabine
1074;XVOI01;Voirie (Réfection);Travaux Copro
1075;XASC02;Ascenseur (Rénovation);Porte palière du niveau RDc
1075;XCUM01;Cumulus (Remplacement);95 cumulus à 500 € HT
1075;XTCE03;Réfection partielle PC;Réfection Eclairage PC
1075;XTCE04;Equipement Coll (rempl.);Drainage arrière bâtiment foyer
1079;XVID01;Vidéosurveillance;Vidéosurveillance
1082;XVID01;Vidéosurveillance;Vidéosurveillance
1084;XVID01;Vidéosurveillance;Vidéosurveillance
1122;XVID01;Vidéosurveillance;Vidéosurveillance
1451;XFAC01;Façade (Ravalement);FACADE BAT B ET D 1/6 -- REPORT
1451;XESV01;Espaces Verts;ELAGAGE
1451;XMEI01;Menuiserie Int PP(Rempl);Rpt vasistas PC+ fenêtres bois par PVC
1451;XMEI01;Menuiserie Int PP(Rempl);Rpt vasistas PC (inclus avec FEN)
1452;XELE02;Electricité (Rénov. PC);ECLAIRAGE EXTERIEUR
1452;XESV01;Espaces Verts;ELAGAGE
1452;XETA04;Cheneaux (Remplacement);CREATION CHENEAUX ET DESCENTES EP
1460;XASC02;Ascenseur (Rénovation);Rpt portes palières de tous les niveaux
1460;XELE01;Electricité (Rénov. PP);TAE suite GE 2020PP + TAE PC
1462;XPIM01;Porte Immeuble (Rempl.);Remp PIM + interphonie + BAL x 11
1463;XFAC01;Façade (Ravalement);Rpt Pergolas - ANNULE
1465;XCHD01;Chaudière (Remplacement);50 env. chaudieres ventouse condensation
1465;XTCE04;Equipement Coll (rempl.);Réfection ECL cour intérieure
1465;XVID01;Vidéosurveillance;Vidéosurveillance
1466;XFAC01;Façade (Ravalement);Réfection façades villas
1466;XCVM01;Ventilation (Rempl.);Remplacement moteurs VMC par villa
1466;XETA03;Isolation Combles/Dalle;Isolation des combles
1466;XMEX01;Menuiserie Ext (Rempl.);Remplacement portes palières
1467;XESV01;Espaces Verts;Aménagements ESV abords résidence
1467;XPIM01;Porte Immeuble (Rempl.);PIM + INTERPHONIE + BAL X 4
1467;XTCE02;Réfection totale PC;PEI + carrelage PC
1468;XESV01;Espaces Verts;ELAGAGE
1469;XPIM01;Porte Immeuble (Rempl.);Remp PIM + interphonie + BAL x 5
1481;XELE02;Electricité (Rénov. PC);Mise en place ECL LED
1481;XVID01;Vidéosurveillance;Vidéosurveillance
1482;XASC02;Ascenseur (Rénovation);Portes palières de tous les niveaux
1482;XELE02;Electricité (Rénov. PC);Mise en place ECL LED
1483;XCHD01;Chaudière (Remplacement);28 x Chaudieres ventouse condensation
1489;XCCA01;Contrôle Accés (Install);Sécurisation locaux VO**REPORT
1491;XCUM01;Cumulus (Remplacement);cumulus avec housse (33U)
1496;XCCA01;Contrôle Accés (Install);Sécurisation locaux VO**REPORT
1507;XESV01;Espaces Verts;Espaces verts
1512;XMEX01;Menuiserie Ext (Rempl.);POSE VENTELLE RDC *** REPORTE
1517;XETA01;Etanch Terrasse (Rempl.);réfection générale des toitures terrasse
1517;XCVM01;Ventilation (Rempl.);crèche: réfection des 2 caissons vmc
1518;XCHD01;Chaudière (Remplacement);32 chaudieres ventouse condensation
1518;XPIM01;Porte Immeuble (Rempl.);2 portes + interphonie
1519;XCHD01;Chaudière (Remplacement);32 chaudieres ventouse condensation
1519;XPIM01;Porte Immeuble (Rempl.);2 portes + interphonie
1523;XFAC03;Façade (Entretien);Remise en peinture façade accessible
1523;XASC02;Ascenseur (Rénovation);Rpt portes palières de tous les niveaux
1523;XTCE03;Réfection partielle PC;Peinture Escaliers
Z010;XABR01;Abri container;Locaux vélos sécurisés
Z010;XASC02;Ascenseur (Rénovation);Amélioration Ascenseur
Z010;XCCA01;Contrôle Accés (Install);Tableaux d'affichage
Z010;XCHF01;Chauffage (Renov totale);Photovoltaique + solaire ECS
Z010;XCVM01;Ventilation (Rempl.);Objets connectés
Z010;XESV01;Espaces Verts;Aménagements des abords
Z010;XTCE04;Equipement Coll (rempl.);Arceaux vélos
Z010;XVID01;Vidéosurveillance;Vidéosurveillance
Z010;XVRD01;Résidentialisation;Colonnes OM aériennes
Z010;XVRD01;Résidentialisation;Aire de jEux
Z172;XMEX02;Menuiserie Ext (Rénov.);Rideaux/grilles/vitrines locaux commerciaux diffus
Z172;XTCE04;Equipement Coll (rempl.);"TOTEMS ; ESCHOLIERS – SALAISON – (URANUS) – SATURN"
2;XCCA01;Contrôle Accés (Install);Rpt des 28 platines interphone
2;XDEB01;Réseau EU/EP (Rempl.);Réfection colonnes EU 2/3
2;XVRD01;Résidentialisation;Installation de jeux pour enfant
5;XCCA01;Contrôle Accés (Install);Amélioration sécurité /pose  ventouses**REPORT
5;XCVM01;Ventilation (Rempl.);Installation VMC individuelles 60 log x 2000 HT
5;XSER01;Garde Corps (Rempl.);Panneaux fixes et coulissants sur les 13 balcons
5;XTCE03;Réfection partielle PC;Remplacement BAL
6;XCCA01;Contrôle Accés (Install);7 Platines
6;XTCE03;Réfection partielle PC;Mise en peinture cage escalier
6;XVRD01;Résidentialisation;ANNULE **** Amgt des abords
7;XETA01;Etanch Terrasse (Rempl.);Toiture CC GELY** ANNULE
7;XMEX02;Menuiserie Ext (Rénov.);Devanture kiné
7;XSER01;Garde Corps (Rempl.);Axe motorisé du rideau métallique
8;XETA01;Etanch Terrasse (Rempl.);Réfection TT bât 29-30-31-32
8;XETA01;Etanch Terrasse (Rempl.);Réfection TT bât 04-07-08-09
8;XDEB01;Réseau EU/EP (Rempl.);Chemisage colonnes EU/EV 2/4
8;XTCE03;Réfection partielle PC;Réfection PEI PC esc 24-25-26-27 et 38
9;XCVM02;Ventilation (Rénov.);Pose de groupes individuels+bouches
9;XMEX01;Menuiserie Ext (Rempl.);compris dans P.Communes
9;XOCC01;Occultation (Rempl.);Remplacement  persiennes PVC
9;XTAE01;Electricité (Tableau);ANNULE ***** tableau
9;XTCE02;Réfection totale PC;Rpt portes palières+cages et paliers
10;XCCA01;Contrôle Accés (Install);11 Platines
11;XELE02;Electricité (Rénov. PC);Remplacement par éclairages à LED
11;XVID01;Vidéosurveillance;Vidéo surveillance PC et Garages
13;XFAC03;Façade (Entretien);Reprise façade + pissettes av Barcelone Cambridge
13;XCVM02;Ventilation (Rénov.);création VMC sur 13 cages / 36
13;XDEB01;Réseau EU/EP (Rempl.);Réfection réseau EU
13;XPAG01;Portail-Barrière (Rempl);Pose d'un portique accès park aérien 164 saragosse
13;XPIM01;Porte Immeuble (Rempl.);Sécurisation hall d'immeuble
13;XTCE03;Réfection partielle PC;Réfection des 6 halls avec LED
13;XTCE03;Réfection partielle PC;Reprise marquise 30 rue Zeus
13;XVOI01;Voirie (Réfection);Reprise voirie 250 m2
13;XVRD01;Résidentialisation;Terminer résidentialisation barreaudage 290 ml
14;XDEB01;Réseau EU/EP (Rempl.);Chemisage colonnes 1/2
14;XDEB01;Réseau EU/EP (Rempl.);Rpt colonnes (bats 10 et 12)+ 20 pieds de col.
14;XOCC01;Occultation (Rempl.);Fermeture des loggias par menuiserie + bloc VR
14;XPGA01;Porte Garage Ind (Rempl);Remplacement des 38 portes de garages
14;XPIM01;Porte Immeuble (Rempl.);Avancée des 5 portes arrières des Bâtiments (Type
14;XTCE02;Réfection totale PC;6 cages n°16 à 21  (sur 11 cages prévues)
14;XTCE02;Réfection totale PC;TO-5 cages n°1,2,7,8,9 (sur 11 prévues)
14;XTCE03;Réfection partielle PC;Séparatif balcons nb=88 - Bt. 1 à 21
14;XSER01;Garde Corps (Rempl.);Rideaux/grilles/devantures
15;XDEB01;Réseau EU/EP (Rempl.);Réfection colonnes défectueuses
16;XDEB01;Réseau EU/EP (Rempl.);Remplacement colonnes défectueuses
17;XCCA01;Contrôle Accés (Install);intratonie
17;XMEX02;Menuiserie Ext (Rénov.);Remplacement des 2 coulissants**REPORT
17;XPIM01;Porte Immeuble (Rempl.);2 portes CIBOX*** REPORT
18;XTCE03;Réfection partielle PC;Réfection 7 cages + fenêtres + portes PC
19;XASC02;Ascenseur (Rénovation);Remplacement de 3 groupes de traction
19;XASC02;Ascenseur (Rénovation);Réparation des seuils de 5 cabines
19;XCCA01;Contrôle Accés (Install);Contrôle accès Intratone
19;XDEB01;Réseau EU/EP (Rempl.);Réfection réseau EU
19;XPAG01;Portail-Barrière (Rempl);Portique sur 2e parking aérien
19;XTCE03;Réfection partielle PC;Sécurisation du sous-sol de garage
19;XVOI01;Voirie (Réfection);Reprise voirie
19;XSER01;Garde Corps (Rempl.);Rpt axe motorisé +boitier
20;XFAC01;Façade (Ravalement);Reprise soubassements ***ANNULE
20;XCVM01;Ventilation (Rempl.);CREATION VMC **annulé**
20;XDEB01;Réseau EU/EP (Rempl.);Remplacement colonnes défectueuses
20;XPGA01;Porte Garage Ind (Rempl);Remplacement portes garages 23 U/30
20;XPGA01;Porte Garage Ind (Rempl);Remplacement de 3U/5 portes garages
20;XSER01;Garde Corps (Rempl.);Rideaux métalliques
23;XASC02;Ascenseur (Rénovation);Remplacement de portes palières
23;XCCA01;Contrôle Accés (Install);Rpt des PLATINES INTERPHONE
23;XDEB01;Réseau EU/EP (Rempl.);Remplacement réseau EU/EP + PEI (2/3)
23;XDEB01;Réseau EU/EP (Rempl.);COLONNE EU/EV** ANNULE
28;XFAC01;Façade (Ravalement);RAVALEMENT DE FACADE BAT 3 4 5 6 tranche 2/2
28;XMEX01;Menuiserie Ext (Rempl.);devantures CC SALAISON *** REPORTE
30;XFAC01;Façade (Ravalement);Reprise façades enduits.Pignons:1.5.11.17.19.20.22
30;XDEB01;Réseau EU/EP (Rempl.);Chemisage colonnes EU/EV 1/2-10 bât/176 col
30;XVOI01;Voirie (Réfection);Revêtement parking très endommagé
31;XCCA01;Contrôle Accés (Install);Contrôle accès Intratone
31;XPLO02;Réseau AEP/ECS (Rempl.);Grosse réparation suite à fuite
36;XTUI02;Toiture Tuile (Rénov.);ANNULE **** Traitement termite
39;XDEB01;Réseau EU/EP (Rempl.);Réfection du réseau parking
39;XSER01;Garde Corps (Rempl.);Axe motorisé du rideau métallique
39;XTCE03;Réfection partielle PC;Embellissements local DOMTOM
41;XETA01;Etanch Terrasse (Rempl.);Reprise des terrasses avec dalles sur plots
41;XOCC01;Occultation (Rempl.);Remplacement des seules persiennes
41;XTCE03;Réfection partielle PC;Peinture garde-corps
42;XPGA01;Porte Garage Ind (Rempl);Portes accès garages SAYSSET X 11
43;XPIM01;Porte Immeuble (Rempl.);Motorisation porte hall d'entrée
47;XCCA01;Contrôle Accés (Install);Modif contrôle d'accès existant
47;XELE01;Electricité (Rénov. PP);Remplacement luminaires avec détection
47;XPIM01;Porte Immeuble (Rempl.);Sécurisation hall immeuble
50;XCVM02;Ventilation (Rénov.);3 caissons+réseaux+lgts
55;XESV01;Espaces Verts;TA-plantation jardinieres
55;XTCE04;Equipement Coll (rempl.);INSTALLATION ECHELLES CRINOLINES ACCES VMC
75;XTCE03;Réfection partielle PC;TA-creation marquise loc Mme Giraudon
75;XTCE03;Réfection partielle PC;TA-réaménagement sol accès logement
92;XESV01;Espaces Verts;TA-aménagement extérieur+plantation+réno entrées
92;XCLO01;Clôture (Remplacement);Clotures, brises vues
104;XRAD01;Electricité (Radiateur);Remplacement convecteurs
115;XFAC01;Façade (Ravalement);Nettoyage + peinture
115;XETA04;Cheneaux (Remplacement);ANNULE
115;XCLO01;Clôture (Remplacement);Réfection clôture y/c dépl.compteur AEP
117;XETA01;Etanch Terrasse (Rempl.);Réfection TT 200 m2
117;XRAD01;Electricité (Radiateur);Remplacement convecteurs
117;XSER01;Garde Corps (Rempl.);Rideaux/grilles/devantures
117;XSER01;Garde Corps (Rempl.);3 axes de volets
123;XTCE03;Réfection partielle PC;REFECTION SS SOL**ANNULE
123;XVID01;Vidéosurveillance;INSTALLATION CAMERAS SOUS SOL
124;XVID01;Vidéosurveillance;INSTALLATION CAMERAS SOUS SOL VDC 8
137;XTCE03;Réfection partielle PC;Peinture gardes corps** ANNULE
140;XTCE04;Equipement Coll (rempl.);TA-Protection anti nuisuble pic pigeon
142;XRAD01;Electricité (Radiateur);Remplacement convecteurs
163;XELE02;Electricité (Rénov. PC);changement eclairage led
168;XOCC01;Occultation (Rempl.);Remplacement persiennes ***REPORT
168;XVRD01;Résidentialisation;Portail autom parking ext -PEI et Eclairage statio
172;XRAD01;Electricité (Radiateur);Remplacement convecteurs
173;XASC02;Ascenseur (Rénovation);Remplacement porte cabine
173;XELE02;Electricité (Rénov. PC);Eclairage IRIS : 100 globes LED
176;XTCE03;Réfection partielle PC;Peinture gardes corps** ANNULE
181;XTCE02;Réfection totale PC;REPORT:Sol + Peinture + Faiences hall + 2°porte
182;XTCE02;Réfection totale PC;Sol + Peinture + Faiences hall + 2°porte accès hal
183;XTCE02;Réfection totale PC;REPORT:Sol + Peinture + Faiences hall + 2°porte
184;XRAD01;Electricité (Radiateur);Remplacement convecteurs
191;XESV01;Espaces Verts;TA-Aménagement extérieur et plantation
191;XETA03;Isolation Combles/Dalle;Isolation combles
194;XRAD01;Electricité (Radiateur);Remplacement convecteurs
203;XRAD01;Electricité (Radiateur);Remplacement convecteurs
218;XRAD01;Electricité (Radiateur);Remplacement convecteurs
219;XRAD01;Electricité (Radiateur);Remplacement convecteurs
227;XRAD01;Electricité (Radiateur);Remplacement convecteurs
229;XRAD01;Electricité (Radiateur);Remplacement  convecteurs
231;XTCE02;Réfection totale PC;Rpt portail, peinture et carrelages des cages
270;XRAD01;Electricité (Radiateur);Remplacement convecteurs
274;XOCC01;Occultation (Rempl.);Pose persiennes cuisine séjour
281;XMEX01;Menuiserie Ext (Rempl.);report 2023
288;XPIM01;Porte Immeuble (Rempl.);Motorisation d'une porte de hall
288;XPLO02;Réseau AEP/ECS (Rempl.);Reprise eau chaude et eau froide logt
294;XFAC01;Façade (Ravalement);Façade,cheneaux peinture volet
294;XOCC01;Occultation (Rempl.);Rempl Volet RDC BOIS*** REPORT 2023
301;XCCA01;Contrôle Accés (Install);Sécurisation  VO+porte*** REPORT
301;XVID01;Vidéosurveillance;Vidéo surveillance PC et Garages
322;XOCC01;Occultation (Rempl.);Remplacement VR PVC et persiennes ALU
325;XRAD01;Electricité (Radiateur);Remplacement convecteurs
327;XRAD01;Electricité (Radiateur);Remplacement convecteurs
329;XVRD01;Résidentialisation;+AMPERE:clôture***REPORT
333;XRAD01;Electricité (Radiateur);Remplacement convecteurs
335;XRAD01;Electricité (Radiateur);Remplacement convecteurs
356;XRAD01;Electricité (Radiateur);Remplacement convecteurs
357;XRAD01;Electricité (Radiateur);Remplacement convecteurs
358;XCCA01;Contrôle Accés (Install);sécurisation 3 halls -accés cours**REPORT
359;XCCA01;Contrôle Accés (Install);sécurisation 3 halls-accés cours**REPORT
359;XMEX01;Menuiserie Ext (Rempl.);Remplacement fenêtres et volets
359;XPGA01;Porte Garage Ind (Rempl);Rempl portes box (2/2)
359;XTCE01;Rénovation Complète Lgt;Lot MENUISERIES/ complément DCE
359;XTCE04;Equipement Coll (rempl.);aménagements et pose racks vélos
366;XCHD01;Chaudière (Remplacement);ANNULE ***** remplacement
369;XASC02;Ascenseur (Rénovation);Habillage+2 portes+armoire+boite boutons
369;XELE02;Electricité (Rénov. PC);M en P ECL LED PC
369;XELE02;Electricité (Rénov. PC);TRAVAUX SUP : 66 led ** ANNULE
370;XETA01;Etanch Terrasse (Rempl.);Remplacement étanchéité
370;XMEX01;Menuiserie Ext (Rempl.);Remplacement fenêtres et volets 1/2
381;XPGA01;Porte Garage Ind (Rempl);Remplacement 10 portes de garages box
381;XTCE04;Equipement Coll (rempl.);aménagements et pose racks vélos
382;XCCA01;Contrôle Accés (Install);Modif contrôle d'accès existant
382;XELE01;Electricité (Rénov. PP);Remplacement luminaire avec détection
382;XPIM01;Porte Immeuble (Rempl.);Sécurisation des hall d'immeuble
382;XTCE03;Réfection partielle PC;Refection cage peinture
383;XELE01;Electricité (Rénov. PP);Remplacement luminaires avec détection
383;XPIM01;Porte Immeuble (Rempl.);BALEARE - MISE EN OEUVRE PORTES CIBOX ARRIERES (3)
383;XVRD01;Résidentialisation;ANNULE car doublon
388;XOCC01;Occultation (Rempl.);PV 2021:ajustement 8 garde-corps/persiennes
388;XTCE02;Réfection totale PC;Sol + Peinture + Faiences hall + 2°porte accès hal
396;XMEX01;Menuiserie Ext (Rempl.);portes palières sur 2021
396;XRAD01;Electricité (Radiateur);Remplacement convecteurs
405;XETA03;Isolation Combles/Dalle;ISOLATION COMBLES DE 28 VILLAS SUR 50
406;XASC02;Ascenseur (Rénovation);Remplacement de 2 poulies
406;XPGA01;Porte Garage Ind (Rempl);Rpt 10 portes de  box** ANNULE
408;XFAC01;Façade (Ravalement);Ravalement de façade D3 RPE RSE 3261m2
408;XTCE03;Réfection partielle PC;REFECTION COUR** REPORT
414;XFAC01;Façade (Ravalement);Ravalement de facade D3 RPE RSE
414;XTCE03;Réfection partielle PC;REFECTION COUR**REPORT
416;XFAC01;Façade (Ravalement);Ravalement de façade D3 RPE RSE
416;XTCE03;Réfection partielle PC;REFECTION COUR** REPORT
417;XFAC01;Façade (Ravalement);Ravalement de façade D3 RPE RSE
417;XTCE03;Réfection partielle PC;REFECTION COUR** REPORT
421;XCCA01;Contrôle Accés (Install);Porte sur local poubelle
421;XTCE03;Réfection partielle PC;Réfection entrée des garages
422;XFAC03;Façade (Entretien);TA-reprise facade + creation chenaux mini creche
422;XTCE03;Réfection partielle PC;TA-reaménagement extérieur cloture et maconnerie
432;XCVM01;Ventilation (Rempl.);Rpt 3 caissons + bouches logements
449;XPAG01;Portail-Barrière (Rempl);PAG coulissant entrée rés. ***REPORT
456;XTCE03;Réfection partielle PC;Soubassement faïence
458;XTUI01;Toiture Tuile (Rempl.);Réfection isolation + toiture tuiles
458;XCCA01;Contrôle Accés (Install);Remplact platine + ventouse + peinture barreaudage
458;XTCE03;Réfection partielle PC;Sécurisation+éclairage des garages
462;XCCA01;Contrôle Accés (Install);CREATION INTERPHONIE
472;XELE02;Electricité (Rénov. PC);M en P ECL LED PC
476;XRAD01;Electricité (Radiateur);Rpt convecteurs
489;XTUI02;Toiture Tuile (Rénov.);Réparations toiture magasin
495;XASC02;Ascenseur (Rénovation);Rpt centrale hydraulique
498;XELE02;Electricité (Rénov. PC);M en P ECL LED PC
512;XTUI01;Toiture Tuile (Rempl.);Réfection toiture+isolation combles
512;XETA03;Isolation Combles/Dalle;Isolation toiture**avec toiture
512;XTCE03;Réfection partielle PC;ANNULE **** grilles + globes villas
513;XCVM02;Ventilation (Rénov.);Remplacement en groupes individuels
513;XTCE03;Réfection partielle PC;Rpt portes accès garage
513;XVRD01;Résidentialisation;Fermeture accès aux villas (2)
515;XTCE03;Réfection partielle PC;BAL+Sécurisation+éclairage des garages
520;XCLO01;Clôture (Remplacement);Clôture + serrurerie***REPORT
526;XRAD01;Electricité (Radiateur);Remplacement convecteurs
535;XTUI01;Toiture Tuile (Rempl.);Réfection toiture
535;XTCE02;Réfection totale PC;cage 208 - compris dans ligne MOE3
535;XTCE03;Réfection partielle PC;Réfection cage d'escalier
535;XTCE03;Réfection partielle PC;Réfection éclairage des garages
537;XTUI01;Toiture Tuile (Rempl.);Réfection toiture
537;XTCE03;Réfection partielle PC;Réfection éclairage des garages
541;XTCE03;Réfection partielle PC;ANNULE *** Eclairage garage+intratone
547;XFAC02;Façade (Raval+Isolation);Ravalement avec ITE
547;XABR01;Abri container;CREATION LOCAL OM
547;XRAD01;Electricité (Radiateur);Rpt convecteurs
547;XVID01;Vidéosurveillance;INSTALLATION CAMERAS SOUS SOL SAINT ROCH
550;XCCA01;Contrôle Accés (Install);Sécurité locaux OM+motorisation 2 PIM
550;XPIM01;Porte Immeuble (Rempl.);Motorisation portes halls (regroupé avec OM)
550;XPIM01;Porte Immeuble (Rempl.);remplacement porte hall d'entrée
563;XVRD01;Résidentialisation;barrière, portillons, clotures
583;XELE02;Electricité (Rénov. PC);cages escaliers
590;XRAD01;Electricité (Radiateur);Remplacement convecteurs
594;XETA01;Etanch Terrasse (Rempl.);Etancheité toiture
594;XRAD01;Electricité (Radiateur);Remplacement REPORTE
595;XETA01;Etanch Terrasse (Rempl.);Etancheité toiture
595;XRAD01;Electricité (Radiateur);Remplacement REPORTE
596;XFAC02;Façade (Raval+Isolation);ravalement sans ITE+gouttieres
596;XRAD01;Electricité (Radiateur);Remplacement REPORTE
599;XOCC01;Occultation (Rempl.);Remplacement VR
599;XTCE02;Réfection totale PC;carrelage sols hall et escaliers
601;XCHD01;Chaudière (Remplacement);Remplacement du chauffe bain par cumulus 2 logts
601;XPLO01;Sanitaire (Remplacement);Repl.Meuble évier-wc-baignoire-lavabo.Dépose équip
601;XTCE03;Réfection partielle PC;Auvents devant portes halls d'entrées
601;XMEX02;Menuiserie Ext (Rénov.);Rideaux/grilles/vitrines
603;XPLO01;Sanitaire (Remplacement);Repl.Meuble évier-wc-baignoire-lavabo.Dépose équip
606;XPAG01;Portail-Barrière (Rempl);Barrière pour accès pompiers
606;XPLO02;Réseau AEP/ECS (Rempl.);Reprise AEP dans logements** REPORTE
607;XTCE03;Réfection partielle PC;Réfection carrelage mural des halls
609;XCCA01;Contrôle Accés (Install);TA-Ct accès et couverture abris ordures
610;XCCA01;Contrôle Accés (Install);Tableaux d'affichage
610;XDEB01;Réseau EU/EP (Rempl.);Externailsation des compeurs AEP hors des lgts
610;XRAD01;Electricité (Radiateur);PULE : rpt convecteurs
618;XASC02;Ascenseur (Rénovation);Additif VF dans machinerie
618;XTCE02;Réfection totale PC;PEI CARR + eclairage LED+vigik
618;XTCE04;Equipement Coll (rempl.);aménagements et pose racks vélos
618;XVID01;Vidéosurveillance;Vidéo surveillance PC et Garages
626;XTCE03;Réfection partielle PC;remplacement des boites aux lettres
628;XETA01;Etanch Terrasse (Rempl.);Toiture terrasse bâtiment 40
628;XETA01;Etanch Terrasse (Rempl.);finir ETA soit 770 m2
628;XCLO01;Clôture (Remplacement);Clôture + portillon**REPORT
658;XCVM01;Ventilation (Rempl.);Rplt 3 caissons + bouches
667;XCHD01;Chaudière (Remplacement);Remplacement chaudières- complément 2021
667;XCVM01;Ventilation (Rempl.);création VMC (tranche 1/2)
667;XGOE01;Maçonnerie;réféction des entrées bat 10/11/13
667;XOCC01;Occultation (Rempl.);Remplacement Volet (2/4) Bat 3,4,5,10
667;XTCE03;Réfection partielle PC;Réfection PC
667;XVOI01;Voirie (Réfection);Réfection voirie
667;XDEB01;Réseau EU/EP (Rempl.);Réseau sur parking CC
693;XTCE03;Réfection partielle PC;travaux embellissement 2 abris OM
695;XMEX02;Menuiserie Ext (Rénov.);Remplacement volets bois
695;XRAD01;Electricité (Radiateur);Rpt convecteurs
709;XPIM01;Porte Immeuble (Rempl.);Remplacement porte Hall entrée
712;XABR01;Abri container;Démolition des 2 abris OM
712;XMEX02;Menuiserie Ext (Rénov.);Remplacement volets bois
712;XRAD01;Electricité (Radiateur);PULE rpt convecteurs
713;XCCA01;Contrôle Accés (Install);Sécurisation locaux VO**REPORT
713;XPIM01;Porte Immeuble (Rempl.);Remplacement PIM**REPORT
715;XVID01;Vidéosurveillance;intallation de caméras
716;XCUM01;Cumulus (Remplacement);Cumulus de 20 logt x 1500€
717;XFAC02;Façade (Raval+Isolation);Façade + isol face nord
728;XVID01;Vidéosurveillance;installation de caméras
730;XETA01;Etanch Terrasse (Rempl.);REFECTION TOITURE TERRASSE
751;XETA01;Etanch Terrasse (Rempl.);Imperméabilisation des casquettes
752;XPIM01;Porte Immeuble (Rempl.);Motorisation des portes de 4 halls x 3500
753;XCCA01;Contrôle Accés (Install);Sécurisation locaux VO**REPORT
754;XCUM01;Cumulus (Remplacement);cumulus 30 logt. x 1100 € HT
768;XCCA01;Contrôle Accés (Install);Sécurisation locaux VO+porte**REPORT
768;XCHD01;Chaudière (Remplacement);Remplacement chaudières 1/1 - 58 CHD x 1200HT
768;XELE02;Electricité (Rénov. PC);Remplacement par éclairages à LED
769;XCCA01;Contrôle Accés (Install);Locaux OM : Porte + CCA + imposte + peinture
772;XCHD01;Chaudière (Remplacement);Chaudières à ventouse
773;XFAC01;Façade (Ravalement);Ravalement des façades
773;XPAG01;Portail-Barrière (Rempl);Installation portail coulissant
773;XRAD01;Electricité (Radiateur);Remplacement des radiateurs
773;XTCE03;Réfection partielle PC;Peinture TCE + Bloc BL
775;XTCE02;Réfection totale PC;M en P carrelage 1 cage d'escalier N°2
776;XCCA01;Contrôle Accés (Install);MISE EN OEUVRE CONTROLE D'ACCES 477
788;XFAC01;Façade (Ravalement);Reprise peinture façade
794;XCCA01;Contrôle Accés (Install);Sécurisation accés hall d'entrée**REPORT
798;XVRD01;Résidentialisation;Traitement VRD
800;XCCA01;Contrôle Accés (Install);Sécurisation locaux VO**REPORT
800;XCCA01;Contrôle Accés (Install);Sécurisation accés hall d'entrée **REPORT
802;XELE01;Electricité (Rénov. PP);Remplacement luminaires avec détection
803;XCCA01;Contrôle Accés (Install);sécurisation 3 halls x 3500** REPORT
803;XCCA01;Contrôle Accés (Install);Sécurisation locaux VO** REPORT
803;XCCA01;Contrôle Accés (Install);Sécurisation résidence ventouse sous-sol
803;XELE02;Electricité (Rénov. PC);Remplacement par éclairages à LED
806;XASC02;Ascenseur (Rénovation);4 habillage cabine
806;XCCA01;Contrôle Accés (Install);Sécurisation locaux VO+rampe**REPORT
806;XTCE04;Equipement Coll (rempl.);aménagements et pose racks vélos
807;XCCA01;Contrôle Accés (Install);Sécurisation locaux VO**REPORT
807;XCCA01;Contrôle Accés (Install);Tableaux d'affichage
807;XELE02;Electricité (Rénov. PC);Remplacement par éclairages à LED
807;XPIM01;Porte Immeuble (Rempl.);Portes Hall d'entrée x2***REPORT
807;XSER01;Garde Corps (Rempl.);Sécurisation accès entretien fosse**REPORT
807;XTCE03;Réfection partielle PC;Remplacement des BAL
810;XTCE03;Réfection partielle PC;Refection peinture PC
811;XCCA01;Contrôle Accés (Install);Sécurisation locaux VO**REPORT
813;XETA01;Etanch Terrasse (Rempl.);Remplacement de l'étanchéité
813;XPIM01;Porte Immeuble (Rempl.);résidentialisation:platines
813;XVID01;Vidéosurveillance;installatio de caméras
815;XMEX02;Menuiserie Ext (Rénov.);Rempl. volets roulants HS (9 log)
815;XVID01;Vidéosurveillance;Vidéo surveillance PC et Garages
816;XCCA01;Contrôle Accés (Install);Sécurisation locaux VO**REPORT
818;XVID01;Vidéosurveillance;installation de caméras
822;XOCC01;Occultation (Rempl.);remplacement volets
823;XTCE03;Réfection partielle PC;Refection partie communes
834;XFAC02;Façade (Raval+Isolation);Rempl bois par trespa + ETA blacon /// 2/2
834;XTCE03;Réfection partielle PC;TA-aménagement ext et local poubelle
836;XCCA01;Contrôle Accés (Install);Sécurisation locaux VO+porte**REPORT
837;XCCA01;Contrôle Accés (Install);cloture du local poubelles** REPORT
841;XCCA01;Contrôle Accés (Install);Sécurisation locaux VO + porte**REPORT
841;XTCE04;Equipement Coll (rempl.);aménagements et pose racks vélos
844;XTCE04;Equipement Coll (rempl.);aménagements et pose racks vélos
858;XDEB01;Réseau EU/EP (Rempl.);Remplacement station de relevage EU
860;XVID01;Vidéosurveillance;INSTALLATION CAMERAS SOUS SOL
863;XCCA01;Contrôle Accés (Install);Tableaux d'affichage
866;XFAC03;Façade (Entretien);TA-reprise façade 2 balcons
866;XCCA01;Contrôle Accés (Install);Tableaux d'affichage
869;XFAC01;Façade (Ravalement);Réfection façades
874;XCCA01;Contrôle Accés (Install);locaux VO+clotures+portillons**REPORT
879;XCCA01;Contrôle Accés (Install);Contrôle accès Intratone
881;XELE01;Electricité (Rénov. PP);Remplacement luminaires avec détection
884;XESV01;Espaces Verts;TA-aménagement esp vert et plantation
885;XCCA01;Contrôle Accés (Install);Locaux OM : Porte + CCA + peinture
887;XCCA01;Contrôle Accés (Install);Tableaux d'affichage
887;XPGA01;Porte Garage Ind (Rempl);Arceaux stationnement l’ORANGERAIE X 93
890;XCHD01;Chaudière (Remplacement);Rpt solaire par chaudière classique
892;XCCA01;Contrôle Accés (Install);Sécurisation locaux VO
899;XVID01;Vidéosurveillance;Vidéo surveillance PC et Garages
971;XVID01;Vidéosurveillance;mise en place de caméras
978;XTCE03;Réfection partielle PC;Remplacment palier métal
1002;XTCE03;Réfection partielle PC;Sécurisation parking
1003;XCCA01;Contrôle Accés (Install);Contrôle accès Intratone
1003;XELE01;Electricité (Rénov. PP);Remplacement luminaires avec détection
1007;XVID01;Vidéosurveillance;Equip.vidéo halls d'entrée+ parking sssol
1008;XVOI01;Voirie (Réfection);Réseau EP (caniveaux, avaloirs, cheneaux,etc)
1011;XCCA01;Contrôle Accés (Install);Tableaux d'affichage
1015;XVRD01;Résidentialisation;Entrées sur rue
1026;XVID01;Vidéosurveillance;Mise en place vidéosurveillance
1026;XVRD01;Résidentialisation;MOE - Réfection talus
1044;XCCA01;Contrôle Accés (Install);Tableaux d'affichage
1046;XCCA01;Contrôle Accés (Install);Tableaux d'affichage
1047;XCCA01;Contrôle Accés (Install);Tableaux d'affichage
1049;XCCA01;Contrôle Accés (Install);TA-controle accès local poubelle
1049;XVID01;Vidéosurveillance;Vidéo surveillance
1052;XCCA01;Contrôle Accés (Install);Tableaux d'affichage
1070;XCCA01;Contrôle Accés (Install);Tableaux d'affichage
1074;XASC02;Ascenseur (Rénovation);SEGUR :porte cabine x 2 + fils guide au D1
1074;XASC02;Ascenseur (Rénovation);MOLIERE-porte cabine +fils guides
1074;XCVM02;Ventilation (Rénov.);Alimentation des moteurs VMC** REPORT
1075;XASC02;Ascenseur (Rénovation);Remplacement de 6 portes pailières
1075;XCCA01;Contrôle Accés (Install);Tableaux d'affichage
1075;XRAD01;Electricité (Radiateur);Remplacement 40 convecteurs
1075;XTAE01;Electricité (Tableau);REMPLACEMENT TABLEAUX ELEC
1075;XTCE03;Réfection partielle PC;BAL RESIDENCE ESCHOLIERS
1075;XTCE03;Réfection partielle PC;Réfection Rdc + 1 cage
1075;XVRD01;Résidentialisation;Vidéosurveillance (dégradation du PAG)** REPORT
1076;XDEB01;Réseau EU/EP (Rempl.);drain arrière VILLON
1077;XVRD01;Résidentialisation;Marquises + gouttières +BAL
1078;XVID01;Vidéosurveillance;Mise en place vidéosurveillance
1081;XVRD01;Résidentialisation;TA-Ralentisseurs + candelabres led
1082;XPIM01;Porte Immeuble (Rempl.);Sécurisation hall +toit terrasse
1084;XVRD01;Résidentialisation;Création jardins partagés
1087;XCCA01;Contrôle Accés (Install);TA-controle accès local poubelle
1087;XRAD01;Electricité (Radiateur);Remplacement convecteurs
1099;XCCA01;Contrôle Accés (Install);Tableaux d'affichage
1109;XCCA01;Contrôle Accés (Install);Tableaux d'affichage
1121;XCCA01;Contrôle Accés (Install);Tableaux d'affichage
1134;XGOE01;Maçonnerie;Réfection mur de clôture
1177;XDEB01;Réseau EU/EP (Rempl.);Canalisations enterrées à remplacer
1451;XFAC01;Façade (Ravalement);travaux annulés
1451;XESV01;Espaces Verts;TA-taille platanes
1451;XPLO01;Sanitaire (Remplacement);Réfection colonnes et sanitaires
1451;XTCE04;Equipement Coll (rempl.);TA-remise en etat serrurie porte d'entrée x5
1451;XTCE04;Equipement Coll (rempl.);TA-enlevement paraboles+ pose led
1451;XVRD01;Résidentialisation;aire de jeux
1452;XDEB01;Réseau EU/EP (Rempl.);Reprise réseau alim + évac Tranche 1/2
1452;XDEB01;Réseau EU/EP (Rempl.);Reprise réseau alim + évac EU EP
1452;XTCE04;Equipement Coll (rempl.);TA-enlévement parabole+candélabre
1455;XRAD01;Electricité (Radiateur);Rpt radiateurs électriques par rayonnants
1455;XTAE01;Electricité (Tableau);Remplacement tableaux électriques
1456;XESV01;Espaces Verts;aménagement espace vert et plabntation
1460;XASC02;Ascenseur (Rénovation);Rpt des portes palières: 6,7,8,9,10
1461;XESV01;Espaces Verts;Abord cheminement + portillon*** REPORT
1465;XASC02;Ascenseur (Rénovation);Remplacement 3 poulies déflexion
1465;XELE02;Electricité (Rénov. PC);Eclairage RICHEMONT 2 Globes LED x 131
1481;XTCE03;Réfection partielle PC;Remise en PEI + carrelage PC
1481;XVID01;Vidéosurveillance;Mise en place vidéo surveillance
1482;XTCE03;Réfection partielle PC;Remise en PEI + carrelage PC
1489;XCCA01;Contrôle Accés (Install);Sécurité locaux OM+motorisation 2 PIM
1489;XPIM01;Porte Immeuble (Rempl.);Motorisation portes halls (regroupé avec OM)
1489;XTCE03;Réfection partielle PC;remplacement BAL
1492;XOCC01;Occultation (Rempl.);Remplacement VR
1493;XOCC01;Occultation (Rempl.);Remplacement volets***REPORT
1494;XOCC01;Occultation (Rempl.);Remplacement persienns ****REPORT
1494;XTAE01;Electricité (Tableau);tableaux logements
1496;XCCA01;Contrôle Accés (Install);Sécurité locaux OM+motorisation 2 PIM
1496;XPIM01;Porte Immeuble (Rempl.);Motorisation portes halls (regroupé avec OM)
1496;XTCE03;Réfection partielle PC;remplacement BAL
1497;XASC02;Ascenseur (Rénovation);Remplacement porte cabine
1497;XTCE02;Réfection totale PC;Réfection parties communes
1507;XCVM02;Ventilation (Rénov.);Rpt 3 caissons + bouches logements
1507;XCLO01;Clôture (Remplacement);cloture remblai éclairage extérieur
1508;XFAC01;Façade (Ravalement);ravalement
1509;XFAC01;Façade (Ravalement);ravalement
1512;XMEX01;Menuiserie Ext (Rempl.);pose ventelle rdc
1514;XETA01;Etanch Terrasse (Rempl.);Réfection urgente (TF)
1514;XETA01;Etanch Terrasse (Rempl.);Etanchéité - T.Optionnelle
1517;XCCA01;Contrôle Accés (Install);Remplacement des 3 platines par type Intratone
1518;XCCA01;Contrôle Accés (Install);Locaux OM : Porte + CCA + imposte + peinture
1518;XELE02;Electricité (Rénov. PC);Install ECL entrée de la résidence
1518;XGOE01;Maçonnerie;Création mur entrée de la résidence
1523;XVID01;Vidéosurveillance;installation de caméras
1523;XVRD01;Résidentialisation;Sécurité de l'immeuble
1488;XMEX01;Menuiserie Ext (Rempl.);Remplacement mex + occ